Timestamp,Open,High,Low,Close,Volume,Symbol
1530489600000,2.243e-05,2.751e-05,2.178e-05,2.465e-05,46244599.0,GTO/BTC
1530576000000,2.462e-05,2.7e-05,2.446e-05,2.528e-05,28340896.0,GTO/BTC
1530662400000,2.529e-05,2.64e-05,2.45e-05,2.475e-05,14174308.0,GTO/BTC
1530748800000,2.473e-05,2.6e-05,2.31e-05,2.367e-05,22685659.0,GTO/BTC
1530835200000,2.366e-05,2.649e-05,2.206e-05,2.508e-05,23031416.0,GTO/BTC
1530921600000,2.509e-05,2.562e-05,2.314e-05,2.405e-05,19566354.0,GTO/BTC
1531008000000,2.405e-05,2.455e-05,2.317e-05,2.354e-05,20418309.0,GTO/BTC
1531094400000,2.355e-05,2.373e-05,2.133e-05,2.173e-05,23003337.0,GTO/BTC
1531180800000,2.174e-05,2.45e-05,2.02e-05,2.26e-05,28102556.0,GTO/BTC
1531267200000,2.259e-05,2.548e-05,2.2e-05,2.359e-05,28414863.0,GTO/BTC
1531353600000,2.357e-05,2.363e-05,2.211e-05,2.316e-05,19762367.0,GTO/BTC
1531440000000,2.32e-05,2.4e-05,2.274e-05,2.343e-05,20805948.0,GTO/BTC
1531526400000,2.341e-05,2.544e-05,2.332e-05,2.47e-05,23938041.0,GTO/BTC
1531612800000,2.47e-05,2.65e-05,2.402e-05,2.55e-05,23214702.0,GTO/BTC
1531699200000,2.546e-05,2.841e-05,2.536e-05,2.76e-05,32162581.0,GTO/BTC
1531785600000,2.76e-05,2.985e-05,2.7e-05,2.758e-05,38631329.0,GTO/BTC
1531872000000,2.759e-05,2.952e-05,2.582e-05,2.667e-05,31747204.0,GTO/BTC
1531958400000,2.667e-05,2.709e-05,2.442e-05,2.469e-05,26581821.0,GTO/BTC
1532044800000,2.47e-05,2.475e-05,2.179e-05,2.193e-05,24010819.0,GTO/BTC
1532131200000,2.2e-05,2.439e-05,2.135e-05,2.312e-05,22425463.0,GTO/BTC
1532217600000,2.316e-05,2.326e-05,2.202e-05,2.228e-05,22350449.0,GTO/BTC
1532304000000,2.228e-05,2.257e-05,1.993e-05,2.001e-05,21965214.0,GTO/BTC
1532390400000,2.002e-05,2.024e-05,1.815e-05,1.907e-05,23210822.0,GTO/BTC
1532476800000,1.907e-05,2.048e-05,1.856e-05,1.961e-05,25366463.0,GTO/BTC
1532563200000,1.966e-05,2.033e-05,1.891e-05,1.928e-05,25075418.0,GTO/BTC
1532649600000,1.925e-05,1.969e-05,1.86e-05,1.906e-05,20718028.0,GTO/BTC
1532736000000,1.909e-05,1.936e-05,1.837e-05,1.901e-05,20747769.0,GTO/BTC
1532822400000,1.902e-05,1.912e-05,1.817e-05,1.86e-05,21205415.0,GTO/BTC
1532908800000,1.861e-05,1.87e-05,1.724e-05,1.77e-05,17438354.0,GTO/BTC
1532995200000,1.771e-05,1.775e-05,1.622e-05,1.716e-05,14680938.0,GTO/BTC
1533081600000,1.719e-05,1.799e-05,1.641e-05,1.759e-05,13899657.0,GTO/BTC
1533168000000,1.761e-05,1.78e-05,1.596e-05,1.648e-05,14151599.0,GTO/BTC
1533254400000,1.645e-05,1.775e-05,1.565e-05,1.654e-05,15980444.0,GTO/BTC
1533340800000,1.65e-05,1.775e-05,1.603e-05,1.657e-05,15622867.0,GTO/BTC
1533427200000,1.657e-05,1.737e-05,1.653e-05,1.695e-05,13483485.0,GTO/BTC
1533513600000,1.695e-05,1.729e-05,1.643e-05,1.671e-05,12634877.0,GTO/BTC
1533600000000,1.669e-05,1.71e-05,1.63e-05,1.663e-05,14777372.0,GTO/BTC
1533686400000,1.662e-05,1.664e-05,1.483e-05,1.511e-05,15525476.0,GTO/BTC
1533772800000,1.51e-05,1.627e-05,1.496e-05,1.571e-05,14125231.0,GTO/BTC
1533859200000,1.569e-05,1.581e-05,1.491e-05,1.512e-05,13560847.0,GTO/BTC
1533945600000,1.51e-05,1.543e-05,1.378e-05,1.426e-05,16091574.0,GTO/BTC
1534032000000,1.425e-05,1.471e-05,1.402e-05,1.407e-05,13570314.0,GTO/BTC
1534118400000,1.409e-05,1.413e-05,1.226e-05,1.233e-05,17057717.0,GTO/BTC
1534204800000,1.235e-05,1.238e-05,1.056e-05,1.163e-05,17995919.0,GTO/BTC
1534291200000,1.165e-05,1.23e-05,1.142e-05,1.163e-05,16505725.0,GTO/BTC
1534377600000,1.162e-05,1.221e-05,1.15e-05,1.204e-05,14268512.0,GTO/BTC
1534464000000,1.204e-05,1.374e-05,1.202e-05,1.367e-05,16067611.0,GTO/BTC
1534550400000,1.366e-05,1.49e-05,1.228e-05,1.276e-05,19673292.0,GTO/BTC
1534636800000,1.274e-05,1.43e-05,1.258e-05,1.367e-05,14028882.0,GTO/BTC
1534723200000,1.37e-05,1.395e-05,1.247e-05,1.265e-05,16313853.0,GTO/BTC
1534809600000,1.265e-05,1.33e-05,1.239e-05,1.258e-05,17604260.0,GTO/BTC
1534896000000,1.261e-05,1.295e-05,1.175e-05,1.192e-05,16375261.0,GTO/BTC
1534982400000,1.194e-05,1.307e-05,1.172e-05,1.228e-05,15379154.0,GTO/BTC
1535068800000,1.225e-05,1.27e-05,1.209e-05,1.256e-05,15077629.0,GTO/BTC
1535155200000,1.255e-05,1.269e-05,1.211e-05,1.247e-05,15532798.0,GTO/BTC
1535241600000,1.247e-05,1.258e-05,1.21e-05,1.246e-05,14290039.0,GTO/BTC
1535328000000,1.246e-05,1.319e-05,1.238e-05,1.283e-05,16082810.0,GTO/BTC
1535414400000,1.284e-05,1.321e-05,1.272e-05,1.3e-05,16869534.0,GTO/BTC
1535500800000,1.301e-05,1.347e-05,1.227e-05,1.248e-05,19386567.0,GTO/BTC
1535587200000,1.244e-05,1.258e-05,1.177e-05,1.207e-05,14954943.0,GTO/BTC
1535673600000,1.208e-05,1.232e-05,1.183e-05,1.212e-05,14029064.0,GTO/BTC
1535760000000,1.213e-05,1.284e-05,1.211e-05,1.256e-05,17090993.0,GTO/BTC
1535846400000,1.256e-05,1.3e-05,1.193e-05,1.224e-05,18300927.0,GTO/BTC
1535932800000,1.226e-05,1.249e-05,1.182e-05,1.224e-05,15465055.0,GTO/BTC
1536019200000,1.222e-05,1.25e-05,1.197e-05,1.213e-05,16047851.0,GTO/BTC
1536105600000,1.214e-05,1.229e-05,1.064e-05,1.073e-05,22135901.0,GTO/BTC
1536192000000,1.075e-05,1.092e-05,1.028e-05,1.085e-05,17603217.0,GTO/BTC
1536278400000,1.086e-05,1.12e-05,1.056e-05,1.065e-05,14183007.0,GTO/BTC
1536364800000,1.066e-05,1.077e-05,9.99e-06,1.015e-05,13138591.0,GTO/BTC
1536451200000,1.012e-05,1.033e-05,9.69e-06,9.83e-06,14770369.0,GTO/BTC
1536537600000,9.81e-06,1.025e-05,9.61e-06,9.74e-06,16275010.0,GTO/BTC
1536624000000,9.75e-06,9.91e-06,9e-06,9.24e-06,12744709.0,GTO/BTC
1536710400000,9.24e-06,9.28e-06,8.21e-06,8.75e-06,18571864.0,GTO/BTC
1536796800000,8.7e-06,9.37e-06,8.7e-06,9.11e-06,20702601.0,GTO/BTC
1536883200000,9.08e-06,9.42e-06,8.76e-06,8.94e-06,19383620.0,GTO/BTC
1536969600000,8.94e-06,9.39e-06,8.88e-06,9.25e-06,16646317.0,GTO/BTC
1537056000000,9.28e-06,1.055e-05,8.94e-06,1.016e-05,28339721.0,GTO/BTC
1537142400000,1.016e-05,1.042e-05,9.11e-06,9.23e-06,21892317.0,GTO/BTC
1537228800000,9.22e-06,9.87e-06,9.05e-06,9.59e-06,16804131.0,GTO/BTC
1537315200000,9.59e-06,9.67e-06,9.2e-06,9.49e-06,15201858.0,GTO/BTC
1537401600000,9.5e-06,9.97e-06,9.45e-06,9.81e-06,15838532.0,GTO/BTC
1537488000000,9.79e-06,1.021e-05,9.51e-06,1.01e-05,20308541.0,GTO/BTC
1537574400000,1.008e-05,1.03e-05,9.6e-06,9.91e-06,15188371.0,GTO/BTC
1537660800000,9.92e-06,1.049e-05,9.73e-06,1.026e-05,19583510.0,GTO/BTC
1537747200000,1.026e-05,1.039e-05,9.62e-06,1.002e-05,16536156.0,GTO/BTC
1537833600000,1.002e-05,1.04e-05,9.5e-06,1.029e-05,21057068.0,GTO/BTC
1537920000000,1.029e-05,1.062e-05,9.9e-06,9.99e-06,20236879.0,GTO/BTC
1538006400000,9.97e-06,1.06e-05,9.73e-06,1.019e-05,19258315.0,GTO/BTC
1538092800000,1.018e-05,1.118e-05,1.005e-05,1.049e-05,27331750.0,GTO/BTC
1538179200000,1.046e-05,1.063e-05,1.008e-05,1.033e-05,18177352.0,GTO/BTC
1538265600000,1.033e-05,1.06e-05,1.019e-05,1.024e-05,16684765.0,GTO/BTC
1538352000000,1.024e-05,1.039e-05,9.85e-06,1.005e-05,14255347.0,GTO/BTC
1538438400000,1.005e-05,1.05e-05,1.002e-05,1.026e-05,15942249.0,GTO/BTC
1538524800000,1.026e-05,1.029e-05,9.86e-06,1e-05,16001906.0,GTO/BTC
1538611200000,1e-05,1.023e-05,9.95e-06,1.016e-05,12743641.0,GTO/BTC
1538697600000,1.017e-05,1.024e-05,9.84e-06,1.023e-05,15789040.0,GTO/BTC
1538784000000,1.023e-05,1.059e-05,1.017e-05,1.043e-05,14865573.0,GTO/BTC
1538870400000,1.043e-05,1.046e-05,1.014e-05,1.03e-05,12599042.0,GTO/BTC
1538956800000,1.029e-05,1.046e-05,1.016e-05,1.038e-05,13959001.0,GTO/BTC
1539043200000,1.038e-05,1.244e-05,1.036e-05,1.145e-05,47808227.0,GTO/BTC
1539129600000,1.143e-05,1.15e-05,1.077e-05,1.11e-05,27934213.0,GTO/BTC
1539216000000,1.11e-05,1.14e-05,9.8e-06,9.97e-06,27538869.0,GTO/BTC
1539302400000,9.98e-06,1.04e-05,9.88e-06,1.007e-05,14553920.0,GTO/BTC
1539388800000,1.007e-05,1.054e-05,1.005e-05,1.052e-05,14908722.0,GTO/BTC
1539475200000,1.052e-05,1.059e-05,9.9e-06,1.006e-05,18388681.0,GTO/BTC
1539561600000,1.006e-05,1.146e-05,9.53e-06,1.081e-05,35748154.0,GTO/BTC
1539648000000,1.08e-05,1.14e-05,1.044e-05,1.101e-05,37410059.0,GTO/BTC
1539734400000,1.097e-05,1.176e-05,1.086e-05,1.124e-05,25346426.0,GTO/BTC
1539820800000,1.125e-05,1.141e-05,1.05e-05,1.065e-05,18532718.0,GTO/BTC
1539907200000,1.064e-05,1.114e-05,1.064e-05,1.096e-05,11713280.0,GTO/BTC
1539993600000,1.096e-05,1.118e-05,1.082e-05,1.113e-05,14968839.0,GTO/BTC
1540080000000,1.112e-05,1.146e-05,1.098e-05,1.137e-05,14666380.0,GTO/BTC
1540166400000,1.138e-05,1.216e-05,1.112e-05,1.136e-05,27375894.0,GTO/BTC
1540252800000,1.139e-05,1.148e-05,1.089e-05,1.105e-05,15100535.0,GTO/BTC
1540339200000,1.106e-05,1.118e-05,1.085e-05,1.091e-05,14030007.0,GTO/BTC
1540425600000,1.091e-05,1.154e-05,1.059e-05,1.102e-05,19548142.0,GTO/BTC
1540512000000,1.1e-05,1.126e-05,1.088e-05,1.11e-05,10383156.0,GTO/BTC
1540598400000,1.112e-05,1.12e-05,1.059e-05,1.07e-05,14147576.0,GTO/BTC
1540684800000,1.072e-05,1.113e-05,1.065e-05,1.095e-05,11459264.0,GTO/BTC
1540771200000,1.094e-05,1.126e-05,1.022e-05,1.042e-05,15542972.0,GTO/BTC
1540857600000,1.041e-05,1.049e-05,1.02e-05,1.034e-05,15444907.0,GTO/BTC
1540944000000,1.034e-05,1.051e-05,1.005e-05,1.047e-05,12261647.0,GTO/BTC
1541030400000,1.046e-05,1.107e-05,1.042e-05,1.074e-05,14694439.0,GTO/BTC
1541116800000,1.076e-05,1.084e-05,1.051e-05,1.066e-05,11526619.0,GTO/BTC
1541203200000,1.066e-05,1.074e-05,1.027e-05,1.039e-05,11263766.0,GTO/BTC
1541289600000,1.04e-05,1.05e-05,1.017e-05,1.029e-05,12866781.0,GTO/BTC
1541376000000,1.028e-05,1.038e-05,9.85e-06,1.004e-05,12462915.0,GTO/BTC
1541462400000,1.001e-05,1.023e-05,9.85e-06,1.015e-05,11525809.0,GTO/BTC
1541548800000,1.013e-05,1.022e-05,9.97e-06,1.006e-05,7562638.0,GTO/BTC
1541635200000,1.005e-05,1.011e-05,9.87e-06,1e-05,7568953.0,GTO/BTC
1541721600000,1.001e-05,1.011e-05,9.72e-06,9.82e-06,7146813.0,GTO/BTC
1541808000000,9.81e-06,9.95e-06,9.74e-06,9.86e-06,5842192.0,GTO/BTC
1541894400000,9.87e-06,1.019e-05,9.82e-06,1.002e-05,8113495.0,GTO/BTC
1541980800000,1.004e-05,1.019e-05,9.69e-06,9.88e-06,10020482.0,GTO/BTC
1542067200000,9.89e-06,9.94e-06,9.3e-06,9.34e-06,9644765.0,GTO/BTC
1542153600000,9.33e-06,9.37e-06,8.47e-06,8.71e-06,10658110.0,GTO/BTC
1542240000000,8.66e-06,8.8e-06,7.79e-06,8.38e-06,17104986.0,GTO/BTC
1542326400000,8.38e-06,8.56e-06,8e-06,8.03e-06,9040411.0,GTO/BTC
1542412800000,8.04e-06,8.5e-06,7.81e-06,8.13e-06,11169967.0,GTO/BTC
1542499200000,8.13e-06,8.68e-06,8.07e-06,8.43e-06,12812590.0,GTO/BTC
1542585600000,8.42e-06,8.42e-06,7.14e-06,7.43e-06,14137709.0,GTO/BTC
1542672000000,7.4e-06,7.81e-06,6.13e-06,7.32e-06,28116150.0,GTO/BTC
1542758400000,7.31e-06,7.91e-06,6.78e-06,7.49e-06,20652042.0,GTO/BTC
1542844800000,7.48e-06,7.76e-06,7.2e-06,7.22e-06,9774226.0,GTO/BTC
1542931200000,7.22e-06,7.35e-06,6.83e-06,6.99e-06,8377795.0,GTO/BTC
1543017600000,6.98e-06,7.2e-06,6.56e-06,6.82e-06,8112537.0,GTO/BTC
1543104000000,6.82e-06,7e-06,6.33e-06,6.63e-06,10435744.0,GTO/BTC
1543190400000,6.62e-06,7e-06,6.48e-06,6.54e-06,9820361.0,GTO/BTC
1543276800000,6.54e-06,7.26e-06,6.48e-06,7.17e-06,12371453.0,GTO/BTC
1543363200000,7.18e-06,8.53e-06,7.11e-06,7.76e-06,18606940.0,GTO/BTC
1543449600000,7.74e-06,8.25e-06,7.47e-06,7.97e-06,14015806.0,GTO/BTC
1543536000000,7.95e-06,8.05e-06,7.07e-06,7.52e-06,10908646.0,GTO/BTC
1543622400000,7.51e-06,8.2e-06,7.44e-06,7.66e-06,8838612.0,GTO/BTC
1543708800000,7.66e-06,8.48e-06,7.64e-06,7.94e-06,10022544.0,GTO/BTC
1543795200000,7.92e-06,8e-06,7.39e-06,7.59e-06,5678425.0,GTO/BTC
1543881600000,7.62e-06,7.89e-06,7.31e-06,7.47e-06,6136273.0,GTO/BTC
1543968000000,7.47e-06,9.14e-06,7.32e-06,7.58e-06,37319742.0,GTO/BTC
1544054400000,7.58e-06,8.29e-06,6.7e-06,6.79e-06,21413120.0,GTO/BTC
1544140800000,6.8e-06,6.86e-06,6.3e-06,6.72e-06,17748008.0,GTO/BTC
1544227200000,6.72e-06,6.92e-06,6.33e-06,6.42e-06,12068510.0,GTO/BTC
1544313600000,6.43e-06,6.5e-06,6.19e-06,6.38e-06,11632703.0,GTO/BTC
1544400000000,6.38e-06,6.44e-06,6.11e-06,6.24e-06,12873875.0,GTO/BTC
1544486400000,6.25e-06,6.35e-06,6.06e-06,6.26e-06,10525254.0,GTO/BTC
1544572800000,6.26e-06,6.31e-06,6.15e-06,6.2e-06,5565976.0,GTO/BTC
1544659200000,6.21e-06,6.55e-06,6.14e-06,6.31e-06,9614851.0,GTO/BTC
1544745600000,6.32e-06,6.94e-06,6.21e-06,6.42e-06,20668272.0,GTO/BTC
1544832000000,6.42e-06,6.72e-06,6.3e-06,6.47e-06,11353712.0,GTO/BTC
1544918400000,6.46e-06,6.69e-06,6.38e-06,6.42e-06,8624210.0,GTO/BTC
1545004800000,6.42e-06,6.67e-06,6.37e-06,6.51e-06,8955625.0,GTO/BTC
1545091200000,6.51e-06,6.75e-06,6.47e-06,6.71e-06,8625712.0,GTO/BTC
1545177600000,6.71e-06,6.73e-06,6.46e-06,6.53e-06,12001860.0,GTO/BTC
1545264000000,6.53e-06,6.65e-06,6.29e-06,6.48e-06,9641108.0,GTO/BTC
1545350400000,6.45e-06,6.65e-06,6.21e-06,6.48e-06,11601406.0,GTO/BTC
1545436800000,6.48e-06,6.9e-06,6.42e-06,6.66e-06,13757746.0,GTO/BTC
1545523200000,6.66e-06,6.92e-06,6.6e-06,6.85e-06,9619147.0,GTO/BTC
1545609600000,6.83e-06,6.95e-06,6.69e-06,6.74e-06,10301225.0,GTO/BTC
1545696000000,6.74e-06,6.94e-06,6.54e-06,6.65e-06,9691379.0,GTO/BTC
1545782400000,6.65e-06,6.8e-06,6.55e-06,6.66e-06,5079405.0,GTO/BTC
1545868800000,6.67e-06,7.18e-06,6.25e-06,6.28e-06,14559004.0,GTO/BTC
1545955200000,6.28e-06,6.57e-06,6.24e-06,6.49e-06,7684733.0,GTO/BTC
1546041600000,6.49e-06,6.88e-06,6.29e-06,6.49e-06,16486530.0,GTO/BTC
1546128000000,6.52e-06,6.6e-06,6.34e-06,6.48e-06,7538237.0,GTO/BTC
1546214400000,6.48e-06,6.51e-06,6.33e-06,6.38e-06,5344208.0,GTO/BTC
1546300800000,6.38e-06,6.56e-06,6.33e-06,6.5e-06,3877880.0,GTO/BTC
1546387200000,6.5e-06,6.54e-06,6.41e-06,6.44e-06,3355556.0,GTO/BTC
1546473600000,6.44e-06,7.34e-06,6.4e-06,6.77e-06,26656406.0,GTO/BTC
1546560000000,6.77e-06,7.19e-06,6.66e-06,6.97e-06,25207767.0,GTO/BTC
1546646400000,6.97e-06,7.1e-06,6.87e-06,7.01e-06,9371807.0,GTO/BTC
1546732800000,7.02e-06,7.03e-06,6.68e-06,6.83e-06,12300514.0,GTO/BTC
1546819200000,6.82e-06,7.11e-06,6.52e-06,6.81e-06,22271458.0,GTO/BTC
1546905600000,6.82e-06,6.91e-06,6.56e-06,6.71e-06,19742772.0,GTO/BTC
1546992000000,6.71e-06,7.19e-06,6.7e-06,6.75e-06,22663570.0,GTO/BTC
1547078400000,6.75e-06,6.86e-06,6.27e-06,6.37e-06,17192490.0,GTO/BTC
1547164800000,6.36e-06,6.5e-06,6.28e-06,6.41e-06,11389260.0,GTO/BTC
1547251200000,6.4e-06,6.48e-06,6.32e-06,6.41e-06,4196490.0,GTO/BTC
1547337600000,6.41e-06,6.61e-06,6.13e-06,6.18e-06,11489855.0,GTO/BTC
1547424000000,6.18e-06,6.61e-06,6.11e-06,6.35e-06,16643653.0,GTO/BTC
1547510400000,6.36e-06,8.83e-06,6.32e-06,8.53e-06,164387069.0,GTO/BTC
1547596800000,8.52e-06,1.058e-05,8.43e-06,9.09e-06,306827197.0,GTO/BTC
1547683200000,9.09e-06,9.11e-06,8.24e-06,8.47e-06,56976745.0,GTO/BTC
1547769600000,8.46e-06,8.55e-06,7.59e-06,7.74e-06,35384963.0,GTO/BTC
1547856000000,7.74e-06,8.23e-06,7.6e-06,7.87e-06,31468668.0,GTO/BTC
1547942400000,7.87e-06,7.88e-06,7.36e-06,7.57e-06,13407574.0,GTO/BTC
1548028800000,7.56e-06,8.24e-06,7.55e-06,7.99e-06,23218552.0,GTO/BTC
1548115200000,7.99e-06,8.3e-06,7.62e-06,7.92e-06,32595284.0,GTO/BTC
1548201600000,7.92e-06,8e-06,7.5e-06,7.66e-06,19307354.0,GTO/BTC
1548288000000,7.65e-06,8.48e-06,7.57e-06,7.86e-06,43503358.0,GTO/BTC
1548374400000,7.87e-06,8.76e-06,7.85e-06,8.19e-06,51051944.0,GTO/BTC
1548460800000,8.17e-06,8.19e-06,7.7e-06,7.93e-06,15382125.0,GTO/BTC
1548547200000,7.93e-06,7.94e-06,7.44e-06,7.58e-06,8276259.0,GTO/BTC
1548633600000,7.57e-06,7.59e-06,6.91e-06,7.15e-06,12432888.0,GTO/BTC
1548720000000,7.15e-06,7.5e-06,7.02e-06,7.47e-06,8243156.0,GTO/BTC
1548806400000,7.47e-06,7.61e-06,7.15e-06,7.27e-06,9703988.0,GTO/BTC
1548892800000,7.27e-06,7.33e-06,6.81e-06,7.02e-06,6924304.0,GTO/BTC
1548979200000,7.01e-06,7.09e-06,6.86e-06,6.93e-06,6050360.0,GTO/BTC
1549065600000,6.92e-06,7.21e-06,6.85e-06,7e-06,6389932.0,GTO/BTC
1549152000000,7e-06,7.07e-06,6.85e-06,6.9e-06,4349367.0,GTO/BTC
1549238400000,6.9e-06,6.92e-06,6.65e-06,6.77e-06,9125000.0,GTO/BTC
1549324800000,6.76e-06,7.22e-06,6.65e-06,6.72e-06,22334485.0,GTO/BTC
1549411200000,6.74e-06,7.4e-06,6.52e-06,6.74e-06,23423540.0,GTO/BTC
1549497600000,6.73e-06,7.1e-06,6.58e-06,6.9e-06,11774960.0,GTO/BTC
1549584000000,6.91e-06,9.28e-06,6.87e-06,7.47e-06,123074940.0,GTO/BTC
1549670400000,7.48e-06,8.42e-06,7.29e-06,7.68e-06,44858574.0,GTO/BTC
1549756800000,7.68e-06,7.97e-06,7.24e-06,7.64e-06,20613094.0,GTO/BTC
1549843200000,7.64e-06,7.68e-06,7.37e-06,7.48e-06,10496813.0,GTO/BTC
1549929600000,7.49e-06,7.98e-06,7.42e-06,7.52e-06,14309711.0,GTO/BTC
1550016000000,7.51e-06,7.64e-06,7.32e-06,7.38e-06,9632014.0,GTO/BTC
1550102400000,7.37e-06,7.44e-06,7.27e-06,7.34e-06,6053973.0,GTO/BTC
1550188800000,7.33e-06,7.64e-06,7.22e-06,7.46e-06,13708387.0,GTO/BTC
1550275200000,7.49e-06,7.69e-06,7.3e-06,7.52e-06,12614979.0,GTO/BTC
1550361600000,7.53e-06,8.14e-06,7.46e-06,7.84e-06,31214555.0,GTO/BTC
1550448000000,7.85e-06,1.017e-05,7.76e-06,8.2e-06,134298804.0,GTO/BTC
1550534400000,8.19e-06,8.21e-06,7.61e-06,7.79e-06,28033810.0,GTO/BTC
1550620800000,7.79e-06,8.26e-06,7.66e-06,7.87e-06,22438751.0,GTO/BTC
1550707200000,7.88e-06,7.89e-06,7.48e-06,7.59e-06,10692017.0,GTO/BTC
1550793600000,7.6e-06,7.71e-06,7.5e-06,7.62e-06,5915739.0,GTO/BTC
1550880000000,7.6e-06,7.72e-06,7.3e-06,7.42e-06,9936825.0,GTO/BTC
1550966400000,7.45e-06,8.01e-06,7.05e-06,7.2e-06,24843980.0,GTO/BTC
1551052800000,7.2e-06,7.52e-06,7.13e-06,7.43e-06,9818838.0,GTO/BTC
1551139200000,7.43e-06,8.03e-06,7.4e-06,7.95e-06,29254342.0,GTO/BTC
1551225600000,7.95e-06,8.25e-06,7.66e-06,7.79e-06,40014703.0,GTO/BTC
1551312000000,7.81e-06,8.21e-06,7.6e-06,8e-06,29884102.0,GTO/BTC
1551398400000,8e-06,8.24e-06,7.87e-06,8.21e-06,11091393.0,GTO/BTC
1551484800000,8.19e-06,8.22e-06,7.81e-06,7.89e-06,11451499.0,GTO/BTC
1551571200000,7.89e-06,8.04e-06,7.77e-06,7.86e-06,6094808.0,GTO/BTC
1551657600000,7.86e-06,7.91e-06,7.52e-06,7.83e-06,8868315.0,GTO/BTC
1551744000000,7.83e-06,7.84e-06,7.54e-06,7.75e-06,11424073.0,GTO/BTC
1551830400000,7.75e-06,7.81e-06,7.6e-06,7.64e-06,6518574.0,GTO/BTC
1551916800000,7.65e-06,8.07e-06,7.59e-06,7.97e-06,16992795.0,GTO/BTC
1552003200000,7.97e-06,8.02e-06,7.7e-06,7.78e-06,14079560.0,GTO/BTC
1552089600000,7.79e-06,9.53e-06,7.72e-06,8.64e-06,54145671.0,GTO/BTC
1552176000000,8.64e-06,8.75e-06,8.09e-06,8.53e-06,31529966.0,GTO/BTC
1552262400000,8.53e-06,9.41e-06,8.49e-06,9e-06,44230494.0,GTO/BTC
1552348800000,9e-06,9.55e-06,8.2e-06,9.02e-06,46272256.0,GTO/BTC
1552435200000,9.02e-06,9.7e-06,8.73e-06,9.46e-06,44038792.0,GTO/BTC
1552521600000,9.45e-06,1.06e-05,9e-06,9.34e-06,76751536.0,GTO/BTC
1552608000000,9.33e-06,9.36e-06,9.02e-06,9.14e-06,21678655.0,GTO/BTC
1552694400000,9.14e-06,9.17e-06,8.53e-06,8.74e-06,17517672.0,GTO/BTC
1552780800000,8.75e-06,8.99e-06,8.6e-06,8.88e-06,8156776.0,GTO/BTC
1552867200000,8.88e-06,9.13e-06,8.62e-06,8.86e-06,11300860.0,GTO/BTC
1552953600000,8.85e-06,9.43e-06,8.79e-06,9.26e-06,19806104.0,GTO/BTC
1553040000000,9.25e-06,9.7e-06,8.97e-06,9.02e-06,22013732.0,GTO/BTC
1553126400000,9.04e-06,9.19e-06,8.31e-06,8.56e-06,30251651.0,GTO/BTC
1553212800000,8.57e-06,8.78e-06,8.44e-06,8.6e-06,24587944.0,GTO/BTC
1553299200000,8.6e-06,8.67e-06,8.51e-06,8.55e-06,9706171.0,GTO/BTC
1553385600000,8.55e-06,8.85e-06,8.51e-06,8.59e-06,22966553.0,GTO/BTC
1553472000000,8.59e-06,9.58e-06,8.51e-06,8.77e-06,62506581.0,GTO/BTC
1553558400000,8.77e-06,8.77e-06,8.2e-06,8.44e-06,18764892.0,GTO/BTC
1553644800000,8.44e-06,8.78e-06,8.38e-06,8.6e-06,32480054.0,GTO/BTC
1553731200000,8.6e-06,8.85e-06,8.57e-06,8.73e-06,22448429.0,GTO/BTC
1553817600000,8.74e-06,9.18e-06,8.66e-06,8.89e-06,41478425.0,GTO/BTC
1553904000000,8.89e-06,8.9e-06,8.52e-06,8.73e-06,14191682.0,GTO/BTC
1553990400000,8.74e-06,9.36e-06,8.69e-06,9.18e-06,33249587.0,GTO/BTC
1554076800000,9.19e-06,9.4e-06,8.91e-06,9.08e-06,23714632.0,GTO/BTC
1554163200000,9.09e-06,9.12e-06,6.9e-06,8.14e-06,41634166.0,GTO/BTC
1554249600000,8.15e-06,8.29e-06,7.4e-06,7.57e-06,33503010.0,GTO/BTC
1554336000000,7.57e-06,7.8e-06,7.49e-06,7.67e-06,12094254.0,GTO/BTC
1554422400000,7.66e-06,7.86e-06,7.6e-06,7.68e-06,23988848.0,GTO/BTC
1554508800000,7.67e-06,7.86e-06,7.37e-06,7.58e-06,21207506.0,GTO/BTC
1554595200000,7.58e-06,7.72e-06,7.27e-06,7.55e-06,34249229.0,GTO/BTC
1554681600000,7.54e-06,7.61e-06,7.01e-06,7.18e-06,14460965.0,GTO/BTC
1554768000000,7.19e-06,7.33e-06,6.74e-06,7.2e-06,16479421.0,GTO/BTC
1554854400000,7.21e-06,7.69e-06,6.89e-06,6.97e-06,38634491.0,GTO/BTC
1554940800000,6.97e-06,7.01e-06,6.39e-06,6.61e-06,22046449.0,GTO/BTC
1555027200000,6.62e-06,6.75e-06,6.35e-06,6.62e-06,11980065.0,GTO/BTC
1555113600000,6.62e-06,6.93e-06,6.48e-06,6.71e-06,13065621.0,GTO/BTC
1555200000000,6.69e-06,7.44e-06,1.82e-06,6.94e-06,43189313.0,GTO/BTC
1555286400000,6.93e-06,7.05e-06,6.49e-06,6.61e-06,17807142.0,GTO/BTC
1555372800000,6.61e-06,6.78e-06,6.49e-06,6.63e-06,8251994.0,GTO/BTC
1555459200000,6.63e-06,6.78e-06,6.35e-06,6.47e-06,18251628.0,GTO/BTC
1555545600000,6.46e-06,6.8e-06,6.42e-06,6.75e-06,32716426.0,GTO/BTC
1555632000000,6.77e-06,8.39e-06,6.73e-06,7.51e-06,197636409.0,GTO/BTC
1555718400000,7.51e-06,7.53e-06,7.04e-06,7.22e-06,42740006.0,GTO/BTC
1555804800000,7.21e-06,7.23e-06,6.5e-06,6.72e-06,26938168.0,GTO/BTC
1555891200000,6.71e-06,7.01e-06,6.66e-06,6.87e-06,14813853.0,GTO/BTC
1555977600000,6.87e-06,7.18e-06,6.4e-06,6.69e-06,38633663.0,GTO/BTC
1556064000000,6.69e-06,8.18e-06,6.15e-06,6.35e-06,187493269.0,GTO/BTC
1556150400000,6.35e-06,6.51e-06,5.99e-06,6.03e-06,36086560.0,GTO/BTC
1556236800000,6.03e-06,6.07e-06,5.57e-06,5.68e-06,19591587.0,GTO/BTC
1556323200000,5.68e-06,6.39e-06,5.63e-06,5.98e-06,15699674.0,GTO/BTC
1556409600000,5.98e-06,6.04e-06,5.88e-06,5.93e-06,6859088.0,GTO/BTC
1556496000000,5.94e-06,5.94e-06,5.47e-06,5.53e-06,6339323.0,GTO/BTC
1556582400000,5.52e-06,5.88e-06,5.52e-06,5.7e-06,10676933.0,GTO/BTC
1556668800000,5.7e-06,5.88e-06,5.66e-06,5.75e-06,10684428.0,GTO/BTC
1556755200000,5.75e-06,5.82e-06,5.52e-06,5.59e-06,6073641.0,GTO/BTC
1556841600000,5.58e-06,5.81e-06,5.15e-06,5.22e-06,16531441.0,GTO/BTC
1556928000000,5.22e-06,5.24e-06,4.74e-06,4.85e-06,16219933.0,GTO/BTC
1557014400000,4.86e-06,4.89e-06,4.76e-06,4.79e-06,7800893.0,GTO/BTC
1557100800000,4.79e-06,4.87e-06,4.56e-06,4.82e-06,18767883.0,GTO/BTC
1557187200000,4.81e-06,4.83e-06,4.34e-06,4.37e-06,17786821.0,GTO/BTC
1557273600000,4.36e-06,4.39e-06,4.19e-06,4.26e-06,8729601.0,GTO/BTC
1557360000000,4.26e-06,4.27e-06,3.74e-06,3.8e-06,12467078.0,GTO/BTC
1557446400000,3.79e-06,3.94e-06,3.58e-06,3.8e-06,12507571.0,GTO/BTC
1557532800000,3.8e-06,3.85e-06,3.51e-06,3.57e-06,15080524.0,GTO/BTC
1557619200000,3.59e-06,3.66e-06,3.39e-06,3.49e-06,12680949.0,GTO/BTC
1557705600000,3.5e-06,3.67e-06,3.03e-06,3.12e-06,24980204.0,GTO/BTC
1557792000000,3.12e-06,3.2e-06,3.01e-06,3.06e-06,29838140.0,GTO/BTC
1557878400000,3.06e-06,3.53e-06,2.99e-06,3.39e-06,42558802.0,GTO/BTC
1557964800000,3.37e-06,3.72e-06,3.36e-06,3.46e-06,54566376.0,GTO/BTC
1558051200000,3.48e-06,3.66e-06,3.26e-06,3.57e-06,30020155.0,GTO/BTC
1558137600000,3.57e-06,3.95e-06,3.5e-06,3.67e-06,34101047.0,GTO/BTC
1558224000000,3.67e-06,3.68e-06,3.3e-06,3.34e-06,21851323.0,GTO/BTC
1558310400000,3.34e-06,3.55e-06,3.28e-06,3.44e-06,30703234.0,GTO/BTC
1558396800000,3.45e-06,5.7e-06,3.45e-06,4.26e-06,636000248.0,GTO/BTC
1558483200000,4.25e-06,4.63e-06,3.95e-06,4.05e-06,134366476.0,GTO/BTC
1558569600000,4.07e-06,4.33e-06,3.8e-06,4.05e-06,103874459.0,GTO/BTC
1558656000000,4.05e-06,4.42e-06,3.97e-06,4.04e-06,86097273.0,GTO/BTC
1558742400000,4.04e-06,4.37e-06,4e-06,4.24e-06,47491840.0,GTO/BTC
1558828800000,4.24e-06,4.83e-06,4.02e-06,4.06e-06,132540172.0,GTO/BTC
1558915200000,4.05e-06,4.29e-06,3.96e-06,4.11e-06,37144854.0,GTO/BTC
1559001600000,4.1e-06,4.85e-06,4.1e-06,4.65e-06,105802142.0,GTO/BTC
1559088000000,4.65e-06,4.67e-06,4.3e-06,4.46e-06,46113499.0,GTO/BTC
1559174400000,4.47e-06,5.48e-06,4.31e-06,4.99e-06,208425010.0,GTO/BTC
1559260800000,4.99e-06,5.1e-06,4.55e-06,4.79e-06,143570813.0,GTO/BTC
1559347200000,4.79e-06,4.84e-06,4.38e-06,4.43e-06,58512773.0,GTO/BTC
1559433600000,4.45e-06,4.63e-06,4.35e-06,4.51e-06,34676318.0,GTO/BTC
1559520000000,4.52e-06,4.53e-06,4.1e-06,4.15e-06,50592487.0,GTO/BTC
1559606400000,4.15e-06,4.17e-06,3.96e-06,3.98e-06,37409310.0,GTO/BTC
1559692800000,3.99e-06,4.37e-06,3.9e-06,4.15e-06,85680032.0,GTO/BTC
1559779200000,4.15e-06,4.28e-06,4.07e-06,4.11e-06,25367857.0,GTO/BTC
1559865600000,4.12e-06,4.48e-06,4.1e-06,4.3e-06,43672695.0,GTO/BTC
1559952000000,4.3e-06,4.58e-06,4.22e-06,4.24e-06,41643600.0,GTO/BTC
1560038400000,4.25e-06,4.29e-06,3.9e-06,4e-06,20094874.0,GTO/BTC
1560124800000,3.99e-06,4.43e-06,3.98e-06,4.23e-06,36048094.0,GTO/BTC
1560211200000,4.22e-06,4.3e-06,4.02e-06,4.23e-06,35005301.0,GTO/BTC
1560297600000,4.24e-06,4.29e-06,4.04e-06,4.18e-06,17772438.0,GTO/BTC
1560384000000,4.18e-06,4.3e-06,3.93e-06,4.02e-06,25829279.0,GTO/BTC
1560470400000,4.01e-06,4.34e-06,3.53e-06,3.57e-06,62153329.0,GTO/BTC
1560556800000,3.56e-06,3.79e-06,3.46e-06,3.51e-06,18395763.0,GTO/BTC
1560643200000,3.52e-06,3.8e-06,3.3e-06,3.43e-06,20859079.0,GTO/BTC
1560729600000,3.43e-06,3.54e-06,3.12e-06,3.14e-06,20561053.0,GTO/BTC
1560816000000,3.14e-06,3.36e-06,3.1e-06,3.29e-06,22933364.0,GTO/BTC
1560902400000,3.29e-06,3.59e-06,3.23e-06,3.29e-06,35876831.0,GTO/BTC
1560988800000,3.29e-06,3.44e-06,3.07e-06,3.14e-06,18319349.0,GTO/BTC
1561075200000,3.14e-06,3.23e-06,2.94e-06,2.94e-06,14449228.0,GTO/BTC
1561161600000,2.94e-06,2.99e-06,2.55e-06,2.7e-06,17662365.0,GTO/BTC
1561248000000,2.69e-06,2.88e-06,2.54e-06,2.62e-06,21713552.0,GTO/BTC
1561334400000,2.62e-06,3.22e-06,2.62e-06,2.8e-06,40372869.0,GTO/BTC
1561420800000,2.8e-06,2.92e-06,2.4e-06,2.41e-06,20835170.0,GTO/BTC
1561507200000,2.4e-06,2.43e-06,1.87e-06,1.99e-06,30183813.0,GTO/BTC
1561593600000,2e-06,2.34e-06,1.94e-06,2.13e-06,35813743.0,GTO/BTC
1561680000000,2.13e-06,2.21e-06,1.93e-06,1.97e-06,30377062.0,GTO/BTC
1561766400000,1.97e-06,2.15e-06,1.95e-06,2.07e-06,16319508.0,GTO/BTC
1561852800000,2.1e-06,2.21e-06,2.05e-06,2.13e-06,16297031.0,GTO/BTC
1561939200000,2.13e-06,2.96e-06,2.13e-06,2.64e-06,145953193.0,GTO/BTC
1562025600000,2.63e-06,2.71e-06,2.35e-06,2.41e-06,35696634.0,GTO/BTC
1562112000000,2.41e-06,2.48e-06,2.16e-06,2.16e-06,25330472.0,GTO/BTC
1562198400000,2.16e-06,2.21e-06,2.07e-06,2.17e-06,25269180.0,GTO/BTC
1562284800000,2.18e-06,2.38e-06,2.11e-06,2.22e-06,32213976.0,GTO/BTC
1562371200000,2.22e-06,2.22e-06,2.1e-06,2.18e-06,15658754.0,GTO/BTC
1562457600000,2.18e-06,2.35e-06,2.17e-06,2.22e-06,15987868.0,GTO/BTC
1562544000000,2.21e-06,2.55e-06,2.2e-06,2.32e-06,64364291.0,GTO/BTC
1562630400000,2.33e-06,2.39e-06,1.99e-06,2.05e-06,49859642.0,GTO/BTC
1562716800000,2.04e-06,2.06e-06,1.78e-06,1.86e-06,38833359.0,GTO/BTC
1562803200000,1.86e-06,1.9e-06,1.74e-06,1.78e-06,12597483.0,GTO/BTC
1562889600000,1.78e-06,2.04e-06,1.76e-06,1.84e-06,19332608.0,GTO/BTC
1562976000000,1.85e-06,1.99e-06,1.81e-06,1.9e-06,38525201.0,GTO/BTC
1563062400000,1.88e-06,1.91e-06,1.82e-06,1.88e-06,9348574.0,GTO/BTC
1563148800000,1.87e-06,1.92e-06,1.64e-06,1.76e-06,22098120.0,GTO/BTC
1563235200000,1.76e-06,1.83e-06,1.57e-06,1.63e-06,22931283.0,GTO/BTC
1563321600000,1.64e-06,1.86e-06,1.59e-06,1.71e-06,34292864.0,GTO/BTC
1563408000000,1.71e-06,1.81e-06,1.61e-06,1.68e-06,46843982.0,GTO/BTC
1563494400000,1.68e-06,1.93e-06,1.66e-06,1.8e-06,34937174.0,GTO/BTC
1563580800000,1.81e-06,1.89e-06,1.77e-06,1.8e-06,11967333.0,GTO/BTC
1563667200000,1.81e-06,1.93e-06,1.81e-06,1.82e-06,5116443.0,GTO/BTC
1563753600000,1.83e-06,1.95e-06,1.82e-06,1.9e-06,6698535.0,GTO/BTC
1563840000000,1.9e-06,2.16e-06,1.87e-06,2.03e-06,25101609.0,GTO/BTC
1563926400000,2.02e-06,2.09e-06,1.93e-06,2e-06,12160917.0,GTO/BTC
1564012800000,2e-06,2.06e-06,1.93e-06,1.95e-06,7545742.0,GTO/BTC
1564099200000,1.94e-06,2.02e-06,1.93e-06,1.94e-06,6720002.0,GTO/BTC
1564185600000,1.95e-06,1.96e-06,1.85e-06,1.89e-06,6725813.0,GTO/BTC
1564272000000,1.89e-06,1.91e-06,1.83e-06,1.85e-06,6282888.0,GTO/BTC
1564358400000,1.85e-06,1.9e-06,1.8e-06,1.82e-06,7183783.0,GTO/BTC
1564444800000,1.82e-06,1.83e-06,1.74e-06,1.8e-06,7897874.0,GTO/BTC
1564531200000,1.8e-06,1.8e-06,1.69e-06,1.69e-06,8564488.0,GTO/BTC
1564617600000,1.69e-06,1.75e-06,1.6e-06,1.61e-06,6026928.0,GTO/BTC
1564704000000,1.62e-06,1.68e-06,1.6e-06,1.64e-06,6188010.0,GTO/BTC
1564790400000,1.65e-06,1.69e-06,1.59e-06,1.6e-06,5654952.0,GTO/BTC
1564876800000,1.6e-06,1.65e-06,1.52e-06,1.54e-06,6417068.0,GTO/BTC
1564963200000,1.54e-06,1.55e-06,1.36e-06,1.38e-06,9466786.0,GTO/BTC
1565049600000,1.38e-06,1.49e-06,1.29e-06,1.43e-06,15131830.0,GTO/BTC
1565136000000,1.43e-06,1.48e-06,1.24e-06,1.28e-06,13158447.0,GTO/BTC
1565222400000,1.28e-06,1.34e-06,1.25e-06,1.26e-06,10321112.0,GTO/BTC
1565308800000,1.26e-06,1.33e-06,1.16e-06,1.18e-06,10089350.0,GTO/BTC
1565395200000,1.17e-06,1.26e-06,1.12e-06,1.23e-06,8147506.0,GTO/BTC
1565481600000,1.23e-06,1.25e-06,1.17e-06,1.2e-06,5351604.0,GTO/BTC
1565568000000,1.19e-06,1.46e-06,1.18e-06,1.25e-06,33725069.0,GTO/BTC
1565654400000,1.25e-06,1.36e-06,1.25e-06,1.33e-06,15470483.0,GTO/BTC
1565740800000,1.34e-06,1.42e-06,1.28e-06,1.31e-06,11182945.0,GTO/BTC
1565827200000,1.31e-06,1.33e-06,1.22e-06,1.26e-06,8918950.0,GTO/BTC
1565913600000,1.26e-06,1.31e-06,1.19e-06,1.2e-06,8226214.0,GTO/BTC
1566000000000,1.21e-06,1.26e-06,1.2e-06,1.25e-06,4837108.0,GTO/BTC
1566086400000,1.25e-06,1.32e-06,1.23e-06,1.28e-06,12564882.0,GTO/BTC
1566172800000,1.29e-06,1.3e-06,1.19e-06,1.2e-06,12004696.0,GTO/BTC
1566259200000,1.19e-06,1.2e-06,1.16e-06,1.17e-06,4675666.0,GTO/BTC
1566345600000,1.17e-06,1.25e-06,1.16e-06,1.24e-06,11387148.0,GTO/BTC
1566432000000,1.24e-06,1.37e-06,1.22e-06,1.29e-06,31862570.0,GTO/BTC
1566518400000,1.29e-06,1.33e-06,1.24e-06,1.3e-06,11147915.0,GTO/BTC
1566604800000,1.31e-06,1.44e-06,1.27e-06,1.41e-06,37151102.0,GTO/BTC
1566691200000,1.42e-06,1.49e-06,1.35e-06,1.37e-06,17040510.0,GTO/BTC
1566777600000,1.36e-06,1.43e-06,1.32e-06,1.39e-06,12470981.0,GTO/BTC
1566864000000,1.39e-06,1.42e-06,1.34e-06,1.36e-06,11330931.0,GTO/BTC
1566950400000,1.37e-06,1.38e-06,1.23e-06,1.25e-06,13478826.0,GTO/BTC
1567036800000,1.25e-06,1.28e-06,1.2e-06,1.25e-06,8867676.0,GTO/BTC
1567123200000,1.25e-06,1.27e-06,1.21e-06,1.22e-06,9309920.0,GTO/BTC
1567209600000,1.22e-06,1.25e-06,1.17e-06,1.19e-06,12769568.0,GTO/BTC
1567296000000,1.19e-06,1.33e-06,1.18e-06,1.26e-06,23463850.0,GTO/BTC
1567382400000,1.26e-06,1.32e-06,1.18e-06,1.18e-06,12427808.0,GTO/BTC
1567468800000,1.19e-06,1.33e-06,1.17e-06,1.24e-06,19097069.0,GTO/BTC
1567555200000,1.24e-06,1.27e-06,1.17e-06,1.19e-06,5670346.0,GTO/BTC
1567641600000,1.18e-06,1.21e-06,1.14e-06,1.18e-06,4556895.0,GTO/BTC
1567728000000,1.17e-06,1.18e-06,1.04e-06,1.08e-06,9807797.0,GTO/BTC
1567814400000,1.09e-06,1.18e-06,1.07e-06,1.17e-06,6931604.0,GTO/BTC
1567900800000,1.17e-06,1.17e-06,1.11e-06,1.14e-06,5649222.0,GTO/BTC
1567987200000,1.14e-06,1.24e-06,1.1e-06,1.17e-06,11991538.0,GTO/BTC
1568073600000,1.17e-06,1.28e-06,1.16e-06,1.25e-06,11968991.0,GTO/BTC
1568160000000,1.26e-06,1.37e-06,1.14e-06,1.16e-06,33318386.0,GTO/BTC
1568246400000,1.16e-06,1.26e-06,1.1e-06,1.15e-06,14382224.0,GTO/BTC
1568332800000,1.15e-06,1.18e-06,1.13e-06,1.17e-06,4845948.0,GTO/BTC
1568419200000,1.17e-06,1.19e-06,1.16e-06,1.17e-06,2409771.0,GTO/BTC
1568505600000,1.17e-06,1.2e-06,1.16e-06,1.16e-06,4944616.0,GTO/BTC
1568592000000,1.16e-06,1.29e-06,1.15e-06,1.22e-06,19133056.0,GTO/BTC
1568678400000,1.23e-06,1.34e-06,1.22e-06,1.31e-06,13981435.0,GTO/BTC
1568764800000,1.32e-06,1.59e-06,1.31e-06,1.46e-06,41101487.0,GTO/BTC
1568851200000,1.45e-06,1.51e-06,1.34e-06,1.37e-06,19629129.0,GTO/BTC
1568937600000,1.37e-06,1.51e-06,1.36e-06,1.45e-06,19209637.0,GTO/BTC
1569024000000,1.45e-06,1.47e-06,1.38e-06,1.41e-06,15804903.0,GTO/BTC
1569110400000,1.41e-06,1.42e-06,1.33e-06,1.35e-06,8754348.0,GTO/BTC
1569196800000,1.35e-06,1.38e-06,1.27e-06,1.28e-06,12961796.0,GTO/BTC
1569283200000,1.29e-06,1.32e-06,1.16e-06,1.24e-06,21764484.0,GTO/BTC
1569369600000,1.24e-06,1.32e-06,1.18e-06,1.29e-06,17043124.0,GTO/BTC
1569456000000,1.3e-06,1.4e-06,1.25e-06,1.38e-06,16999936.0,GTO/BTC
1569542400000,1.38e-06,1.73e-06,1.31e-06,1.65e-06,146154802.0,GTO/BTC
1569628800000,1.64e-06,1.72e-06,1.58e-06,1.65e-06,41353750.0,GTO/BTC
1569715200000,1.64e-06,1.68e-06,1.54e-06,1.59e-06,15849283.0,GTO/BTC
1569801600000,1.58e-06,1.58e-06,1.46e-06,1.53e-06,15158637.0,GTO/BTC
1569888000000,1.53e-06,1.57e-06,1.48e-06,1.5e-06,10993252.0,GTO/BTC
1569974400000,1.5e-06,1.62e-06,1.49e-06,1.57e-06,53155921.0,GTO/BTC
1570060800000,1.58e-06,1.6e-06,1.53e-06,1.58e-06,11449932.0,GTO/BTC
1570147200000,1.57e-06,1.63e-06,1.55e-06,1.62e-06,15599155.0,GTO/BTC
1570233600000,1.62e-06,1.85e-06,1.61e-06,1.76e-06,45568672.0,GTO/BTC
1570320000000,1.76e-06,1.81e-06,1.67e-06,1.74e-06,41366538.0,GTO/BTC
1570406400000,1.74e-06,1.77e-06,1.68e-06,1.71e-06,11926385.0,GTO/BTC
1570492800000,1.7e-06,1.83e-06,1.63e-06,1.8e-06,26932360.0,GTO/BTC
1570579200000,1.8e-06,1.88e-06,1.62e-06,1.68e-06,24760811.0,GTO/BTC
1570665600000,1.67e-06,1.69e-06,1.55e-06,1.6e-06,12563813.0,GTO/BTC
1570752000000,1.59e-06,1.61e-06,1.52e-06,1.6e-06,9310178.0,GTO/BTC
1570838400000,1.6e-06,1.65e-06,1.59e-06,1.59e-06,6466409.0,GTO/BTC
1570924800000,1.59e-06,1.62e-06,1.48e-06,1.59e-06,21658583.0,GTO/BTC
1571011200000,1.6e-06,1.61e-06,1.53e-06,1.54e-06,4576368.0,GTO/BTC
1571097600000,1.55e-06,1.61e-06,1.52e-06,1.58e-06,10658223.0,GTO/BTC
1571184000000,1.58e-06,1.61e-06,1.48e-06,1.52e-06,9048427.0,GTO/BTC
1571270400000,1.53e-06,1.56e-06,1.51e-06,1.54e-06,1935655.0,GTO/BTC
1571356800000,1.54e-06,1.54e-06,1.46e-06,1.5e-06,2261106.0,GTO/BTC
1571443200000,1.5e-06,1.6e-06,1.48e-06,1.54e-06,5200728.0,GTO/BTC
1571529600000,1.53e-06,1.55e-06,1.5e-06,1.54e-06,7484629.0,GTO/BTC
1571616000000,1.53e-06,1.57e-06,1.51e-06,1.53e-06,4388487.0,GTO/BTC
1571702400000,1.54e-06,1.56e-06,1.46e-06,1.55e-06,17392329.0,GTO/BTC
1571788800000,1.55e-06,1.55e-06,1.47e-06,1.5e-06,10977445.0,GTO/BTC
1571875200000,1.49e-06,1.52e-06,1.46e-06,1.51e-06,5401376.0,GTO/BTC
1571961600000,1.51e-06,1.53e-06,1.36e-06,1.41e-06,8533743.0,GTO/BTC
1572048000000,1.41e-06,1.44e-06,1.16e-06,1.28e-06,12280148.0,GTO/BTC
1572134400000,1.27e-06,1.4e-06,1.22e-06,1.34e-06,15612424.0,GTO/BTC
1572220800000,1.34e-06,1.41e-06,1.28e-06,1.37e-06,16422097.0,GTO/BTC
1572307200000,1.37e-06,1.39e-06,1.29e-06,1.34e-06,8462049.0,GTO/BTC
1572393600000,1.34e-06,1.4e-06,1.33e-06,1.36e-06,7503554.0,GTO/BTC
1572480000000,1.36e-06,1.5e-06,1.32e-06,1.44e-06,24909835.0,GTO/BTC
1572566400000,1.44e-06,1.5e-06,1.42e-06,1.45e-06,6475738.0,GTO/BTC
1572652800000,1.45e-06,1.46e-06,1.41e-06,1.43e-06,3365102.0,GTO/BTC
1572739200000,1.43e-06,1.46e-06,1.41e-06,1.45e-06,2915379.0,GTO/BTC
1572825600000,1.45e-06,1.68e-06,1.43e-06,1.54e-06,41785601.0,GTO/BTC
1572912000000,1.54e-06,1.63e-06,1.53e-06,1.56e-06,13255085.0,GTO/BTC
1572998400000,1.57e-06,1.58e-06,1.53e-06,1.56e-06,3614323.0,GTO/BTC
1573084800000,1.56e-06,1.57e-06,1.46e-06,1.48e-06,9170891.0,GTO/BTC
1573171200000,1.48e-06,1.52e-06,1.43e-06,1.45e-06,7649648.0,GTO/BTC
1573257600000,1.45e-06,1.49e-06,1.44e-06,1.48e-06,2771906.0,GTO/BTC
1573344000000,1.48e-06,1.49e-06,1.43e-06,1.45e-06,3426386.0,GTO/BTC
1573430400000,1.45e-06,1.57e-06,1.44e-06,1.55e-06,8487056.0,GTO/BTC
1573516800000,1.55e-06,1.55e-06,1.5e-06,1.51e-06,3656306.0,GTO/BTC
1573603200000,1.51e-06,1.54e-06,1.49e-06,1.53e-06,3336026.0,GTO/BTC
1573689600000,1.53e-06,1.54e-06,1.45e-06,1.49e-06,6040356.0,GTO/BTC
1573776000000,1.48e-06,1.51e-06,1.45e-06,1.5e-06,5267023.0,GTO/BTC
1573862400000,1.5e-06,1.51e-06,1.48e-06,1.5e-06,1744319.0,GTO/BTC
1573948800000,1.51e-06,1.59e-06,1.5e-06,1.55e-06,11466625.0,GTO/BTC
1574035200000,1.56e-06,1.57e-06,1.51e-06,1.54e-06,6611569.0,GTO/BTC
1574121600000,1.54e-06,1.61e-06,1.52e-06,1.55e-06,17511344.0,GTO/BTC
1574208000000,1.55e-06,1.56e-06,1.49e-06,1.51e-06,5958512.0,GTO/BTC
1574294400000,1.51e-06,1.56e-06,1.42e-06,1.45e-06,7196997.0,GTO/BTC
1574380800000,1.44e-06,1.47e-06,1.32e-06,1.33e-06,16308223.0,GTO/BTC
1574467200000,1.33e-06,1.5e-06,1.31e-06,1.43e-06,50172187.0,GTO/BTC
1574553600000,1.43e-06,1.46e-06,1.35e-06,1.37e-06,9258849.0,GTO/BTC
1574640000000,1.37e-06,1.48e-06,1.32e-06,1.47e-06,20164825.0,GTO/BTC
1574726400000,1.47e-06,1.48e-06,1.4e-06,1.45e-06,10470991.0,GTO/BTC
1574812800000,1.46e-06,1.46e-06,1.37e-06,1.42e-06,17088278.0,GTO/BTC
1574899200000,1.42e-06,1.45e-06,1.4e-06,1.43e-06,7326252.0,GTO/BTC
1574985600000,1.44e-06,1.62e-06,1.43e-06,1.51e-06,77160820.0,GTO/BTC
1575072000000,1.51e-06,1.55e-06,1.44e-06,1.48e-06,10050603.0,GTO/BTC
1575158400000,1.47e-06,1.48e-06,1.43e-06,1.45e-06,4750572.0,GTO/BTC
1575244800000,1.46e-06,1.55e-06,1.44e-06,1.5e-06,14294736.0,GTO/BTC
1575331200000,1.5e-06,1.58e-06,1.5e-06,1.58e-06,8248158.0,GTO/BTC
1575417600000,1.58e-06,1.59e-06,1.49e-06,1.52e-06,13221793.0,GTO/BTC
1575504000000,1.52e-06,1.53e-06,1.37e-06,1.41e-06,23617862.0,GTO/BTC
1575590400000,1.4e-06,1.41e-06,1.35e-06,1.39e-06,19131522.0,GTO/BTC
1575676800000,1.39e-06,1.43e-06,1.37e-06,1.38e-06,16697904.0,GTO/BTC
1575763200000,1.38e-06,1.45e-06,1.38e-06,1.4e-06,16197100.0,GTO/BTC
1575849600000,1.4e-06,1.45e-06,1.39e-06,1.41e-06,22825075.0,GTO/BTC
1575936000000,1.41e-06,1.42e-06,1.33e-06,1.34e-06,15072027.0,GTO/BTC
1576022400000,1.35e-06,1.4e-06,1.34e-06,1.37e-06,7352659.0,GTO/BTC
1576108800000,1.37e-06,1.39e-06,1.33e-06,1.34e-06,7359686.0,GTO/BTC
1576195200000,1.34e-06,1.39e-06,1.33e-06,1.36e-06,7161124.0,GTO/BTC
1576281600000,1.37e-06,1.4e-06,1.33e-06,1.35e-06,7035853.0,GTO/BTC
1576368000000,1.34e-06,1.37e-06,1.29e-06,1.35e-06,11579741.0,GTO/BTC
1576454400000,1.35e-06,1.37e-06,1.27e-06,1.29e-06,11483907.0,GTO/BTC
1576540800000,1.28e-06,1.29e-06,1.2e-06,1.23e-06,17834655.0,GTO/BTC
1576627200000,1.22e-06,1.28e-06,1.2e-06,1.21e-06,9841530.0,GTO/BTC
1576713600000,1.2e-06,1.31e-06,1.19e-06,1.27e-06,17293176.0,GTO/BTC
1576800000000,1.26e-06,1.37e-06,1.24e-06,1.36e-06,18046179.0,GTO/BTC
1576886400000,1.36e-06,1.38e-06,1.34e-06,1.36e-06,7944449.0,GTO/BTC
1576972800000,1.36e-06,1.41e-06,1.31e-06,1.33e-06,9853504.0,GTO/BTC
1577059200000,1.33e-06,1.4e-06,1.22e-06,1.23e-06,23204223.0,GTO/BTC
1577145600000,1.22e-06,1.26e-06,1.21e-06,1.24e-06,9910067.0,GTO/BTC
1577232000000,1.24e-06,1.24e-06,1.21e-06,1.23e-06,6793683.0,GTO/BTC
1577318400000,1.23e-06,1.24e-06,1.19e-06,1.19e-06,7133215.0,GTO/BTC
1577404800000,1.19e-06,1.23e-06,1.19e-06,1.21e-06,4985455.0,GTO/BTC
1577491200000,1.22e-06,1.23e-06,1.2e-06,1.22e-06,3599568.0,GTO/BTC
1577577600000,1.23e-06,1.24e-06,1.17e-06,1.19e-06,8975412.0,GTO/BTC
1577664000000,1.19e-06,1.21e-06,1.18e-06,1.19e-06,2951847.0,GTO/BTC
1577750400000,1.19e-06,1.25e-06,1.14e-06,1.25e-06,27137783.0,GTO/BTC
1577836800000,1.24e-06,1.27e-06,1.18e-06,1.23e-06,19448009.0,GTO/BTC
1577923200000,1.24e-06,1.3e-06,1.21e-06,1.26e-06,35181403.0,GTO/BTC
1578009600000,1.26e-06,1.27e-06,1.22e-06,1.22e-06,7605410.0,GTO/BTC
1578096000000,1.23e-06,1.25e-06,1.2e-06,1.22e-06,4684737.0,GTO/BTC
1578182400000,1.21e-06,1.3e-06,1.16e-06,1.21e-06,59951901.0,GTO/BTC
1578268800000,1.21e-06,1.23e-06,1.17e-06,1.19e-06,10318238.0,GTO/BTC
1578355200000,1.18e-06,1.26e-06,1.07e-06,1.08e-06,54777425.0,GTO/BTC
1578441600000,1.08e-06,1.08e-06,1e-06,1.07e-06,20642786.0,GTO/BTC
1578528000000,1.07e-06,1.11e-06,1.04e-06,1.07e-06,13845270.0,GTO/BTC
1578614400000,1.06e-06,1.07e-06,1.01e-06,1.03e-06,8069559.0,GTO/BTC
1578700800000,1.02e-06,1.05e-06,1e-06,1.04e-06,5131012.0,GTO/BTC
1578787200000,1.03e-06,1.04e-06,1.01e-06,1.04e-06,5686048.0,GTO/BTC
1578873600000,1.03e-06,1.04e-06,9.6e-07,9.7e-07,18895217.0,GTO/BTC
1578960000000,9.7e-07,9.8e-07,8.4e-07,8.6e-07,28879530.0,GTO/BTC
1579046400000,8.6e-07,9.1e-07,8.5e-07,8.8e-07,16645433.0,GTO/BTC
1579132800000,8.8e-07,9.1e-07,8.5e-07,8.7e-07,15739899.0,GTO/BTC
1579219200000,8.6e-07,8.8e-07,8.2e-07,8.6e-07,33233661.0,GTO/BTC
1579305600000,8.5e-07,9.1e-07,8.3e-07,8.7e-07,123864745.0,GTO/BTC
1579392000000,8.8e-07,9.1e-07,8.2e-07,8.7e-07,24221318.0,GTO/BTC
1579478400000,8.7e-07,8.9e-07,8.2e-07,8.5e-07,18963459.0,GTO/BTC
1579564800000,8.4e-07,8.6e-07,8.3e-07,8.4e-07,8460867.0,GTO/BTC
1579651200000,8.5e-07,8.6e-07,8.3e-07,8.4e-07,7055786.0,GTO/BTC
1579737600000,8.5e-07,8.6e-07,8.3e-07,8.3e-07,9716546.0,GTO/BTC
1579824000000,8.4e-07,8.5e-07,8.3e-07,8.5e-07,13456415.0,GTO/BTC
1579910400000,8.5e-07,8.6e-07,8.3e-07,8.4e-07,7406484.0,GTO/BTC
1579996800000,8.4e-07,8.7e-07,8.3e-07,8.3e-07,12893785.0,GTO/BTC
1580083200000,8.3e-07,8.5e-07,7.9e-07,8e-07,7371820.0,GTO/BTC
1580169600000,8e-07,8.2e-07,7.1e-07,7.3e-07,15967975.0,GTO/BTC
1580256000000,7.4e-07,7.8e-07,7.3e-07,7.6e-07,6831410.0,GTO/BTC
1580342400000,7.6e-07,8e-07,7.3e-07,7.4e-07,7545226.0,GTO/BTC
1580428800000,7.4e-07,8e-07,7.3e-07,7.6e-07,7984650.0,GTO/BTC
1580515200000,7.6e-07,8e-07,7.4e-07,8e-07,12236967.0,GTO/BTC
1580601600000,8e-07,8.4e-07,7.7e-07,8.3e-07,21481903.0,GTO/BTC
1580688000000,8.3e-07,8.4e-07,7.8e-07,8.4e-07,12444100.0,GTO/BTC
1580774400000,8.3e-07,9.2e-07,8.2e-07,9e-07,37154111.0,GTO/BTC
1580860800000,9e-07,9.3e-07,8.4e-07,9.2e-07,31379319.0,GTO/BTC
1580947200000,9.3e-07,9.5e-07,8.7e-07,9.3e-07,19865336.0,GTO/BTC
1581033600000,9.2e-07,9.8e-07,9.1e-07,9.5e-07,24944738.0,GTO/BTC
1581120000000,9.6e-07,9.6e-07,8.7e-07,8.8e-07,21497219.0,GTO/BTC
1581206400000,8.8e-07,9.3e-07,8.2e-07,9e-07,30916690.0,GTO/BTC
1581292800000,9e-07,9.7e-07,8.5e-07,9.5e-07,32882047.0,GTO/BTC
1581379200000,9.5e-07,9.7e-07,9.1e-07,9.5e-07,21215153.0,GTO/BTC
1581465600000,9.5e-07,1.13e-06,9.2e-07,1.1e-06,130851139.0,GTO/BTC
1581552000000,1.1e-06,1.25e-06,1.02e-06,1.07e-06,172923008.0,GTO/BTC
1581638400000,1.06e-06,1.14e-06,1.03e-06,1.11e-06,29054674.0,GTO/BTC
1581724800000,1.11e-06,1.29e-06,1.06e-06,1.23e-06,87419312.0,GTO/BTC
1581811200000,1.23e-06,1.33e-06,9.8e-07,1.09e-06,87757370.0,GTO/BTC
1581897600000,1.08e-06,1.1e-06,9.6e-07,1.05e-06,31058258.0,GTO/BTC
1581984000000,1.05e-06,1.17e-06,1.02e-06,1.09e-06,99989578.0,GTO/BTC
1582070400000,1.08e-06,1.16e-06,9.8e-07,1.03e-06,63628983.0,GTO/BTC
1582156800000,1.03e-06,1.14e-06,9.4e-07,9.8e-07,235447116.0,GTO/BTC
1582243200000,9.9e-07,1.03e-06,9.7e-07,9.9e-07,16528966.0,GTO/BTC
1582329600000,9.9e-07,1.09e-06,9.6e-07,1.07e-06,217637227.0,GTO/BTC
1582416000000,1.07e-06,1.08e-06,1.01e-06,1.04e-06,14410046.0,GTO/BTC
1582502400000,1.05e-06,1.05e-06,9.5e-07,9.8e-07,22120510.0,GTO/BTC
1582588800000,9.7e-07,9.9e-07,8.8e-07,9.1e-07,12652808.0,GTO/BTC
1582675200000,9e-07,9.1e-07,8.1e-07,8.6e-07,19903339.0,GTO/BTC
1582761600000,8.6e-07,9e-07,8.3e-07,8.6e-07,29813484.0,GTO/BTC
1582848000000,8.6e-07,8.8e-07,8.1e-07,8.5e-07,13891258.0,GTO/BTC
1582934400000,8.5e-07,8.7e-07,8.2e-07,8.2e-07,10818021.0,GTO/BTC
1583020800000,8.3e-07,8.5e-07,8.1e-07,8.2e-07,10034029.0,GTO/BTC
1583107200000,8.3e-07,8.7e-07,8.2e-07,8.4e-07,14826484.0,GTO/BTC
1583193600000,8.4e-07,8.6e-07,8.2e-07,8.5e-07,11249453.0,GTO/BTC
1583280000000,8.5e-07,9e-07,8.4e-07,8.8e-07,18905727.0,GTO/BTC
1583366400000,8.9e-07,9.5e-07,8.8e-07,9.3e-07,40955599.0,GTO/BTC
1583452800000,9.3e-07,1.06e-06,9e-07,1.02e-06,57953270.0,GTO/BTC
1583539200000,1.02e-06,1.03e-06,9.3e-07,9.5e-07,20983608.0,GTO/BTC
1583625600000,9.5e-07,9.6e-07,8.6e-07,8.8e-07,17670174.0,GTO/BTC
1583712000000,8.9e-07,9.2e-07,8.2e-07,8.7e-07,13319067.0,GTO/BTC
1583798400000,8.8e-07,9.8e-07,8.6e-07,9.4e-07,14352809.0,GTO/BTC
1583884800000,9.3e-07,9.8e-07,8.6e-07,8.9e-07,37648562.0,GTO/BTC
1583971200000,8.9e-07,8.9e-07,7.2e-07,7.3e-07,34962371.0,GTO/BTC
1584057600000,7.3e-07,7.6e-07,6.2e-07,7e-07,31122293.0,GTO/BTC
1584144000000,7e-07,8.1e-07,7e-07,7.6e-07,61764999.0,GTO/BTC
1584230400000,7.8e-07,9.5e-07,7.2e-07,8.6e-07,139575466.0,GTO/BTC
1584316800000,8.6e-07,8.8e-07,7.1e-07,7.4e-07,47967601.0,GTO/BTC
1584403200000,7.2e-07,7.5e-07,7e-07,7.3e-07,14771715.0,GTO/BTC
1584489600000,7.2e-07,7.9e-07,6.8e-07,7.5e-07,28242725.0,GTO/BTC
1584576000000,7.5e-07,8.3e-07,7.2e-07,7.4e-07,31719826.0,GTO/BTC
1584662400000,7.4e-07,7.6e-07,6.7e-07,7e-07,27396161.0,GTO/BTC
1584748800000,7e-07,7.7e-07,6.8e-07,7.5e-07,75999393.0,GTO/BTC
1584835200000,7.5e-07,7.6e-07,7e-07,7.3e-07,10625118.0,GTO/BTC
1584921600000,7.2e-07,7.6e-07,6.7e-07,7e-07,73576545.0,GTO/BTC
1585008000000,7e-07,7.2e-07,6.8e-07,7e-07,11231751.0,GTO/BTC
1585094400000,7.1e-07,7.6e-07,6.8e-07,7.1e-07,16633657.0,GTO/BTC
1585180800000,7.1e-07,7.3e-07,6.9e-07,7.2e-07,10805198.0,GTO/BTC
1585267200000,7.3e-07,7.4e-07,7e-07,7.2e-07,13379068.0,GTO/BTC
1585353600000,7.2e-07,7.4e-07,7e-07,7.3e-07,8423203.0,GTO/BTC
1585440000000,7.3e-07,7.5e-07,7.1e-07,7.1e-07,7040146.0,GTO/BTC
1585526400000,7.1e-07,7.2e-07,6.8e-07,6.9e-07,25902795.0,GTO/BTC
1585612800000,7e-07,7.1e-07,6.9e-07,7e-07,8105666.0,GTO/BTC
1585699200000,7e-07,7.3e-07,6.8e-07,7.1e-07,23978086.0,GTO/BTC
1585785600000,7e-07,7.3e-07,6.5e-07,6.9e-07,65624506.0,GTO/BTC
1585872000000,7e-07,7.1e-07,6.8e-07,6.8e-07,8383258.0,GTO/BTC
1585958400000,6.9e-07,7e-07,6.6e-07,6.8e-07,10017734.0,GTO/BTC
1586044800000,6.8e-07,7e-07,6.7e-07,6.7e-07,5770036.0,GTO/BTC
1586131200000,6.8e-07,6.9e-07,6.5e-07,6.7e-07,18820792.0,GTO/BTC
1586217600000,6.7e-07,6.9e-07,6.4e-07,6.7e-07,25277605.0,GTO/BTC
1586304000000,6.7e-07,6.8e-07,6.4e-07,6.7e-07,13559717.0,GTO/BTC
1586390400000,6.7e-07,6.9e-07,6.6e-07,6.8e-07,10172889.0,GTO/BTC
1586476800000,6.8e-07,7e-07,6.3e-07,6.6e-07,14641780.0,GTO/BTC
1586563200000,6.6e-07,6.7e-07,6.5e-07,6.6e-07,4071227.0,GTO/BTC
1586649600000,6.6e-07,1e-06,6.5e-07,8.6e-07,602914808.0,GTO/BTC
1586736000000,8.7e-07,8.9e-07,7.7e-07,7.8e-07,185139977.0,GTO/BTC
1586822400000,7.8e-07,7.9e-07,7.4e-07,7.5e-07,43637157.0,GTO/BTC
1586908800000,7.5e-07,7.7e-07,7.3e-07,7.3e-07,13820207.0,GTO/BTC
1586995200000,7.4e-07,7.4e-07,6.7e-07,6.9e-07,36793034.0,GTO/BTC
1587081600000,7e-07,7.5e-07,6.9e-07,7.3e-07,18146689.0,GTO/BTC
1587168000000,7.3e-07,7.9e-07,7.1e-07,7.4e-07,134644564.0,GTO/BTC
1587254400000,7.4e-07,7.6e-07,7.1e-07,7.2e-07,46551058.0,GTO/BTC
1587340800000,7.2e-07,7.3e-07,6.7e-07,6.8e-07,15003363.0,GTO/BTC
1587427200000,6.8e-07,7e-07,6.8e-07,6.9e-07,7960952.0,GTO/BTC
1587513600000,7e-07,7.1e-07,6.8e-07,6.9e-07,5039857.0,GTO/BTC
1587600000000,6.9e-07,7e-07,6.6e-07,6.7e-07,12464304.0,GTO/BTC
1587686400000,6.7e-07,7e-07,6.7e-07,7e-07,7486241.0,GTO/BTC
1587772800000,7e-07,7.2e-07,6.8e-07,7e-07,19829712.0,GTO/BTC
1587859200000,7e-07,7.6e-07,6.9e-07,6.9e-07,94224211.0,GTO/BTC
1587945600000,6.9e-07,7e-07,6.7e-07,6.9e-07,17160989.0,GTO/BTC
1588032000000,6.9e-07,7e-07,6.8e-07,6.8e-07,10589671.0,GTO/BTC
1588118400000,6.8e-07,7.2e-07,6.3e-07,6.4e-07,53742730.0,GTO/BTC
1588204800000,6.3e-07,6.5e-07,6e-07,6.4e-07,12533972.0,GTO/BTC
1588291200000,6.4e-07,7e-07,6.2e-07,6.4e-07,27448304.0,GTO/BTC
1588377600000,6.4e-07,6.7e-07,6.3e-07,6.4e-07,16588466.0,GTO/BTC
1588464000000,6.3e-07,6.4e-07,6.1e-07,6.2e-07,12269171.0,GTO/BTC
1588550400000,6.2e-07,6.5e-07,6.1e-07,6.1e-07,62600293.0,GTO/BTC
1588636800000,6.1e-07,6.3e-07,6e-07,6.1e-07,8625237.0,GTO/BTC
1588723200000,6.1e-07,6.2e-07,5.7e-07,5.7e-07,8851860.0,GTO/BTC
1588809600000,5.7e-07,5.8e-07,5.1e-07,5.3e-07,16244120.0,GTO/BTC
1588896000000,5.2e-07,5.5e-07,5.2e-07,5.4e-07,6941925.0,GTO/BTC
1588982400000,5.4e-07,6.6e-07,5.4e-07,6.2e-07,70483953.0,GTO/BTC
1589068800000,6.2e-07,6.4e-07,5.2e-07,5.9e-07,48548313.0,GTO/BTC
1589155200000,5.8e-07,6e-07,5.6e-07,5.9e-07,14299560.0,GTO/BTC
1589241600000,5.9e-07,6.1e-07,5.7e-07,6.1e-07,13963808.0,GTO/BTC
1589328000000,6.1e-07,6.2e-07,5.9e-07,6e-07,8779243.0,GTO/BTC
1589414400000,6.1e-07,6.2e-07,5.8e-07,5.9e-07,13418870.0,GTO/BTC
1589500800000,5.9e-07,6.1e-07,5.8e-07,6e-07,10960364.0,GTO/BTC
1589587200000,6e-07,6.3e-07,6e-07,6.2e-07,8112064.0,GTO/BTC
1589673600000,6.2e-07,6.3e-07,6e-07,6.1e-07,8312620.0,GTO/BTC
1589760000000,6.1e-07,7.3e-07,6.1e-07,7.3e-07,44258568.0,GTO/BTC
1589846400000,7.2e-07,7.5e-07,6.9e-07,7.3e-07,30416758.0,GTO/BTC
1589932800000,7.4e-07,8.5e-07,6.6e-07,6.8e-07,95665743.0,GTO/BTC
1590019200000,6.8e-07,7.6e-07,6.5e-07,6.7e-07,73771789.0,GTO/BTC
1590105600000,6.7e-07,7e-07,6.6e-07,6.9e-07,32936644.0,GTO/BTC
1590192000000,6.9e-07,7e-07,6.7e-07,6.9e-07,22702846.0,GTO/BTC
1590278400000,6.9e-07,7.9e-07,6.8e-07,7.5e-07,154213098.0,GTO/BTC
1590364800000,7.6e-07,8.2e-07,7.4e-07,8.1e-07,57892117.0,GTO/BTC
1590451200000,8.1e-07,8.3e-07,7.5e-07,7.8e-07,37446765.0,GTO/BTC
1590537600000,7.8e-07,8.2e-07,7.4e-07,7.4e-07,50569032.0,GTO/BTC
1590624000000,7.4e-07,7.5e-07,6.7e-07,6.9e-07,26176389.0,GTO/BTC
1590710400000,6.9e-07,7.4e-07,6.8e-07,7.2e-07,12260662.0,GTO/BTC
1590796800000,7.2e-07,7.5e-07,7e-07,7.2e-07,14451974.0,GTO/BTC
1590883200000,7.3e-07,8.3e-07,7.2e-07,7.3e-07,116561560.0,GTO/BTC
1590969600000,7.3e-07,7.7e-07,6.8e-07,6.8e-07,25209247.0,GTO/BTC
1591056000000,6.9e-07,7.6e-07,6.8e-07,7.4e-07,12544009.0,GTO/BTC
1591142400000,7.4e-07,8e-07,7.4e-07,7.5e-07,30545640.0,GTO/BTC
1591228800000,7.6e-07,7.7e-07,7.4e-07,7.5e-07,10721360.0,GTO/BTC
1591315200000,7.6e-07,7.8e-07,7.5e-07,7.6e-07,7512551.0,GTO/BTC
1591401600000,7.6e-07,8e-07,7.6e-07,7.8e-07,10702072.0,GTO/BTC
1591488000000,7.8e-07,8e-07,7.7e-07,7.8e-07,11174926.0,GTO/BTC
1591574400000,7.9e-07,8.1e-07,7.7e-07,8e-07,10320396.0,GTO/BTC
1591660800000,7.9e-07,8.5e-07,7.8e-07,8.4e-07,42908707.0,GTO/BTC
1591747200000,8.4e-07,8.5e-07,7.8e-07,8.1e-07,26490442.0,GTO/BTC
1591833600000,8e-07,8.3e-07,7.4e-07,7.5e-07,18346481.0,GTO/BTC
1591920000000,7.5e-07,7.9e-07,7.3e-07,7.8e-07,7447522.0,GTO/BTC
1592006400000,7.9e-07,9.5e-07,7.7e-07,8.7e-07,310381633.0,GTO/BTC
1592092800000,8.6e-07,8.9e-07,8.2e-07,8.4e-07,36080055.0,GTO/BTC
1592179200000,8.3e-07,8.7e-07,8.1e-07,8.4e-07,28716498.0,GTO/BTC
1592265600000,8.4e-07,8.8e-07,8.3e-07,8.5e-07,18673910.0,GTO/BTC
1592352000000,8.5e-07,9.3e-07,8.4e-07,9.1e-07,39349721.0,GTO/BTC
1592438400000,9.1e-07,9.4e-07,8.8e-07,9.1e-07,25890334.0,GTO/BTC
1592524800000,9.1e-07,9.2e-07,8.6e-07,9e-07,16812066.0,GTO/BTC
1592611200000,9e-07,9.2e-07,8.9e-07,9e-07,7138871.0,GTO/BTC
1592697600000,8.9e-07,9.2e-07,8.9e-07,9.1e-07,6662374.0,GTO/BTC
1592784000000,9.1e-07,9.4e-07,8.8e-07,8.9e-07,14700844.0,GTO/BTC
1592870400000,8.8e-07,9.1e-07,8.7e-07,8.8e-07,11827513.0,GTO/BTC
1592956800000,8.9e-07,9e-07,8.7e-07,8.9e-07,10088072.0,GTO/BTC
1593043200000,8.9e-07,8.9e-07,8.5e-07,8.6e-07,11643787.0,GTO/BTC
1593129600000,8.6e-07,8.7e-07,8.1e-07,8.2e-07,19570174.0,GTO/BTC
1593216000000,8.2e-07,8.2e-07,7.3e-07,7.5e-07,37600336.0,GTO/BTC
1593302400000,7.5e-07,7.8e-07,7.4e-07,7.7e-07,12888843.0,GTO/BTC
1593388800000,7.7e-07,7.8e-07,7.2e-07,7.4e-07,9255301.0,GTO/BTC
1593475200000,7.4e-07,7.7e-07,7.4e-07,7.6e-07,6102579.0,GTO/BTC
1593561600000,7.6e-07,7.7e-07,7.4e-07,7.5e-07,5876309.0,GTO/BTC
1593648000000,7.5e-07,7.9e-07,7.5e-07,7.8e-07,13962786.0,GTO/BTC
1593734400000,7.8e-07,8.3e-07,7.7e-07,8e-07,10475852.0,GTO/BTC
1593820800000,8e-07,8.1e-07,7.7e-07,8.1e-07,10857469.0,GTO/BTC
1593907200000,8.1e-07,8.7e-07,7.8e-07,8.4e-07,45851300.0,GTO/BTC
1593993600000,8.4e-07,8.9e-07,8.2e-07,8.5e-07,36135822.0,GTO/BTC
1594080000000,8.5e-07,8.9e-07,8.2e-07,8.6e-07,61016988.0,GTO/BTC
1594166400000,8.6e-07,8.8e-07,8.2e-07,8.4e-07,18883318.0,GTO/BTC
1594252800000,8.3e-07,8.8e-07,8.2e-07,8.8e-07,19247102.0,GTO/BTC
1594339200000,8.8e-07,1e-06,8.5e-07,9.1e-07,77899727.0,GTO/BTC
1594425600000,9.1e-07,9.9e-07,9.1e-07,9.7e-07,42606063.0,GTO/BTC
1594512000000,9.6e-07,9.8e-07,9.1e-07,9.3e-07,27823284.0,GTO/BTC
1594598400000,9.3e-07,9.3e-07,8.9e-07,9.1e-07,23895747.0,GTO/BTC
1594684800000,9.1e-07,1e-06,8.9e-07,9e-07,55039271.0,GTO/BTC
1594771200000,9.1e-07,9.2e-07,8.8e-07,8.9e-07,15719756.0,GTO/BTC
1594857600000,8.9e-07,9.1e-07,8.4e-07,8.9e-07,16674532.0,GTO/BTC
1594944000000,8.8e-07,9.6e-07,8.8e-07,9.3e-07,29391948.0,GTO/BTC
1595030400000,9.2e-07,9.7e-07,9.1e-07,9.1e-07,69526753.0,GTO/BTC
1595116800000,9.2e-07,9.4e-07,8.9e-07,9.4e-07,14841977.0,GTO/BTC
1595203200000,9.4e-07,9.8e-07,9.1e-07,9.5e-07,33094422.0,GTO/BTC
1595289600000,9.5e-07,9.9e-07,9.2e-07,9.4e-07,26340579.0,GTO/BTC
1595376000000,9.4e-07,1.18e-06,9.4e-07,1.03e-06,132959694.0,GTO/BTC
1595462400000,1.04e-06,1.21e-06,1.02e-06,1.14e-06,79196036.0,GTO/BTC
1595548800000,1.14e-06,1.2e-06,1.06e-06,1.07e-06,65594552.0,GTO/BTC
1595635200000,1.07e-06,1.12e-06,1.03e-06,1.04e-06,29336842.0,GTO/BTC
1595721600000,1.05e-06,1.06e-06,8.9e-07,9.5e-07,27169085.0,GTO/BTC
1595808000000,9.5e-07,9.5e-07,7e-07,7.4e-07,76592799.0,GTO/BTC
1595894400000,7.4e-07,8.3e-07,7.3e-07,7.9e-07,35216986.0,GTO/BTC
1595980800000,7.9e-07,8.5e-07,7.8e-07,8.3e-07,34788381.0,GTO/BTC
1596067200000,8.3e-07,8.7e-07,7.8e-07,8.1e-07,24251255.0,GTO/BTC
1596153600000,8.1e-07,8.3e-07,7.5e-07,7.6e-07,14718298.0,GTO/BTC
1596240000000,7.6e-07,7.7e-07,7e-07,7.3e-07,17700776.0,GTO/BTC
1596326400000,7.2e-07,7.7e-07,6.9e-07,7.4e-07,20382924.0,GTO/BTC
1596412800000,7.4e-07,8e-07,7.4e-07,7.8e-07,17153736.0,GTO/BTC
1596499200000,7.8e-07,7.8e-07,7.4e-07,7.8e-07,10541177.0,GTO/BTC
1596585600000,7.8e-07,7.9e-07,7.3e-07,7.4e-07,16526273.0,GTO/BTC
1596672000000,7.4e-07,8.2e-07,7.3e-07,8.1e-07,20828992.0,GTO/BTC
1596758400000,8.1e-07,8.3e-07,7.6e-07,7.9e-07,34036496.0,GTO/BTC
1596844800000,7.9e-07,8.6e-07,7.8e-07,8.5e-07,23522556.0,GTO/BTC
1596931200000,8.5e-07,8.7e-07,8e-07,8.4e-07,41460934.0,GTO/BTC
1597017600000,8.5e-07,8.7e-07,7.8e-07,8.7e-07,30773293.0,GTO/BTC
1597104000000,8.7e-07,9.2e-07,8.4e-07,9e-07,85808338.0,GTO/BTC
1597190400000,9e-07,9.5e-07,8.6e-07,9.2e-07,58635946.0,GTO/BTC
1597276800000,9.2e-07,9.4e-07,8.8e-07,9e-07,33503532.0,GTO/BTC
1597363200000,9e-07,9.8e-07,8.8e-07,9.6e-07,48555180.0,GTO/BTC
1597449600000,9.7e-07,9.7e-07,8.8e-07,9e-07,26489260.0,GTO/BTC
1597536000000,9e-07,9.4e-07,8.8e-07,9.3e-07,21121766.0,GTO/BTC
1597622400000,9.4e-07,9.6e-07,8.6e-07,8.9e-07,32041449.0,GTO/BTC
1597708800000,8.9e-07,9.5e-07,8.9e-07,9e-07,16433011.0,GTO/BTC
1597795200000,8.9e-07,9e-07,7.9e-07,8.2e-07,27328041.0,GTO/BTC
1597881600000,8.1e-07,8.8e-07,8e-07,8.7e-07,15431281.0,GTO/BTC
1597968000000,8.7e-07,9e-07,8.1e-07,8.2e-07,24462846.0,GTO/BTC
1598054400000,8.3e-07,8.4e-07,8e-07,8.3e-07,18904590.0,GTO/BTC
1598140800000,8.3e-07,8.5e-07,8.1e-07,8.2e-07,9928934.0,GTO/BTC
1598227200000,8.1e-07,8.7e-07,8.1e-07,8.7e-07,11526920.0,GTO/BTC
1598313600000,8.7e-07,8.8e-07,8.1e-07,8.5e-07,16584325.0,GTO/BTC
1598400000000,8.5e-07,9.6e-07,8.2e-07,9.5e-07,34246850.0,GTO/BTC
1598486400000,9.4e-07,9.5e-07,8.5e-07,9.2e-07,27250938.0,GTO/BTC
1598572800000,9.3e-07,1.03e-06,9.2e-07,9.9e-07,40048641.0,GTO/BTC
1598659200000,1e-06,1.05e-06,1e-06,1.04e-06,26010147.0,GTO/BTC
1598745600000,1.05e-06,1.05e-06,9.7e-07,9.7e-07,16754819.0,GTO/BTC
1598832000000,9.8e-07,1.02e-06,9.5e-07,1e-06,20474928.0,GTO/BTC
1598918400000,1.01e-06,1.26e-06,9.9e-07,1.19e-06,148902372.0,GTO/BTC
1599004800000,1.19e-06,1.27e-06,1e-06,1.02e-06,146967142.0,GTO/BTC
1599091200000,1.02e-06,1.03e-06,8.5e-07,8.7e-07,60084004.0,GTO/BTC
1599177600000,8.7e-07,1.23e-06,8.5e-07,1.02e-06,134999437.0,GTO/BTC
1599264000000,1.02e-06,1.03e-06,8.5e-07,9e-07,36750768.0,GTO/BTC
1599350400000,9e-07,9.7e-07,8.8e-07,9.3e-07,22170657.0,GTO/BTC
1599436800000,9.4e-07,9.5e-07,8.3e-07,8.7e-07,26192541.0,GTO/BTC
1599523200000,8.7e-07,9e-07,8.5e-07,8.8e-07,9800613.0,GTO/BTC
1599609600000,8.8e-07,9.4e-07,8.6e-07,9e-07,10504132.0,GTO/BTC
1599696000000,9e-07,9.5e-07,9e-07,9.4e-07,11389279.0,GTO/BTC
1599782400000,9.5e-07,9.6e-07,9.1e-07,9.3e-07,7350276.0,GTO/BTC
1599868800000,9.3e-07,9.5e-07,9.1e-07,9.3e-07,11465116.0,GTO/BTC
1599955200000,9.4e-07,9.4e-07,8.4e-07,8.7e-07,13589201.0,GTO/BTC
1600041600000,8.7e-07,8.8e-07,8.2e-07,8.4e-07,7128883.0,GTO/BTC
1600128000000,8.4e-07,8.4e-07,7.8e-07,7.9e-07,9426225.0,GTO/BTC
1600214400000,7.9e-07,9.2e-07,7.7e-07,8.3e-07,46015392.0,GTO/BTC
1600300800000,8.3e-07,8.5e-07,8e-07,8.2e-07,7736916.0,GTO/BTC
1600387200000,8.2e-07,8.4e-07,8e-07,8e-07,6478184.0,GTO/BTC
1600473600000,8e-07,9.7e-07,8e-07,8.2e-07,117834607.0,GTO/BTC
1600560000000,8.2e-07,9.4e-07,8.1e-07,8.1e-07,51016192.0,GTO/BTC
1600646400000,8.1e-07,8.3e-07,7.5e-07,7.6e-07,15663224.0,GTO/BTC
1600732800000,7.6e-07,8.9e-07,7.4e-07,7.7e-07,88972545.0,GTO/BTC
1600819200000,7.6e-07,7.8e-07,7.1e-07,7.1e-07,10618383.0,GTO/BTC
1600905600000,7.1e-07,8.1e-07,7.1e-07,7.4e-07,20767362.0,GTO/BTC
1600992000000,7.4e-07,7.7e-07,7.2e-07,7.6e-07,11174077.0,GTO/BTC
1601078400000,7.6e-07,7.9e-07,7.5e-07,7.8e-07,6160089.0,GTO/BTC
1601164800000,7.8e-07,8.5e-07,7.3e-07,7.4e-07,83698146.0,GTO/BTC
1601251200000,7.4e-07,7.5e-07,7.2e-07,7.3e-07,14671085.0,GTO/BTC
1601337600000,7.3e-07,8e-07,7.2e-07,7.3e-07,34538109.0,GTO/BTC
1601424000000,7.4e-07,7.4e-07,7.2e-07,7.3e-07,6557475.0,GTO/BTC
1601510400000,7.3e-07,7.6e-07,6.6e-07,6.9e-07,19761286.0,GTO/BTC
1601596800000,7e-07,7e-07,6.6e-07,6.7e-07,13318841.0,GTO/BTC
1601683200000,6.7e-07,7e-07,6.6e-07,6.9e-07,8080463.0,GTO/BTC
1601769600000,6.9e-07,7.8e-07,6.6e-07,6.7e-07,158385015.0,GTO/BTC
1601856000000,6.8e-07,7e-07,6.6e-07,6.8e-07,14988228.0,GTO/BTC
1601942400000,6.8e-07,6.9e-07,6e-07,6.1e-07,15254608.0,GTO/BTC
1602028800000,6.1e-07,6.2e-07,5.8e-07,6.1e-07,6494057.0,GTO/BTC
1602115200000,6.1e-07,6.2e-07,5.8e-07,6.2e-07,5044522.0,GTO/BTC
1602201600000,6.2e-07,7e-07,6.1e-07,6.8e-07,43612926.0,GTO/BTC
1602288000000,6.8e-07,7.2e-07,6.3e-07,6.6e-07,39185438.0,GTO/BTC
1602374400000,6.6e-07,7.6e-07,6.5e-07,6.7e-07,38664225.0,GTO/BTC
1602460800000,6.7e-07,6.8e-07,6.2e-07,6.4e-07,9707536.0,GTO/BTC
1602547200000,6.4e-07,6.6e-07,6.3e-07,6.5e-07,7497024.0,GTO/BTC
1602633600000,6.6e-07,6.6e-07,6.1e-07,6.3e-07,11335768.0,GTO/BTC
1602720000000,6.3e-07,6.4e-07,5.9e-07,6e-07,11827684.0,GTO/BTC
1602806400000,5.9e-07,6e-07,5.6e-07,5.8e-07,12038497.0,GTO/BTC
1602892800000,5.7e-07,6.3e-07,5.7e-07,6e-07,30303758.0,GTO/BTC
1602979200000,5.9e-07,6.3e-07,5.8e-07,6.1e-07,6427641.0,GTO/BTC
1603065600000,6e-07,6e-07,5.6e-07,5.7e-07,6318947.0,GTO/BTC
1603152000000,5.7e-07,5.8e-07,5.1e-07,5.2e-07,11884848.0,GTO/BTC
1603238400000,5.3e-07,5.3e-07,4.9e-07,5.1e-07,24177794.0,GTO/BTC
1603324800000,5.2e-07,5.6e-07,5.1e-07,5.1e-07,17306011.0,GTO/BTC
1603411200000,5.2e-07,5.3e-07,5.1e-07,5.2e-07,3890348.0,GTO/BTC
1603497600000,5.1e-07,5.1e-07,4.9e-07,5e-07,14274229.0,GTO/BTC
1603584000000,5e-07,5.1e-07,4.8e-07,4.9e-07,12861186.0,GTO/BTC
1603670400000,4.9e-07,5e-07,4.6e-07,4.8e-07,9858813.0,GTO/BTC
1603756800000,4.7e-07,4.8e-07,4.3e-07,4.5e-07,7623621.0,GTO/BTC
1603843200000,4.4e-07,4.5e-07,4.2e-07,4.5e-07,3976692.0,GTO/BTC
1603929600000,4.5e-07,4.5e-07,4.1e-07,4.1e-07,9610826.0,GTO/BTC
1604016000000,4.2e-07,4.2e-07,3.8e-07,4e-07,4689102.0,GTO/BTC
1604102400000,3.9e-07,4e-07,3.8e-07,3.8e-07,2314260.0,GTO/BTC
1604188800000,3.9e-07,4.3e-07,3.8e-07,3.9e-07,12968318.0,GTO/BTC
1604275200000,3.9e-07,4.2e-07,3.9e-07,4.1e-07,7042998.0,GTO/BTC
1604361600000,4.1e-07,4.8e-07,3.6e-07,3.7e-07,30879613.0,GTO/BTC
1604448000000,3.7e-07,4.3e-07,3.5e-07,3.6e-07,53252419.0,GTO/BTC
1604534400000,3.6e-07,3.9e-07,3.4e-07,3.5e-07,15852163.0,GTO/BTC
1604620800000,3.5e-07,4.5e-07,3.5e-07,4.3e-07,18559856.0,GTO/BTC
1604707200000,4.4e-07,4.5e-07,3.8e-07,4e-07,17957563.0,GTO/BTC
1604793600000,4e-07,4.8e-07,3.9e-07,4.1e-07,62652622.0,GTO/BTC
1604880000000,4.1e-07,4.3e-07,4e-07,4.3e-07,26434288.0,GTO/BTC
1604966400000,4.3e-07,4.6e-07,4.2e-07,4.6e-07,8986937.0,GTO/BTC
1605052800000,4.5e-07,4.8e-07,4.2e-07,4.7e-07,13400992.0,GTO/BTC
1605139200000,4.8e-07,4.8e-07,4.2e-07,4.2e-07,10674349.0,GTO/BTC
1605225600000,4.2e-07,4.6e-07,4.2e-07,4.3e-07,11790572.0,GTO/BTC
1605312000000,4.3e-07,4.6e-07,4e-07,4.1e-07,18669073.0,GTO/BTC
1605398400000,4.1e-07,4.5e-07,3.9e-07,4.1e-07,37198086.0,GTO/BTC
1605484800000,4.1e-07,4.3e-07,3.8e-07,3.9e-07,11842134.0,GTO/BTC
1605571200000,4e-07,4.1e-07,3.6e-07,3.7e-07,24156838.0,GTO/BTC
1605657600000,3.7e-07,4.4e-07,3.4e-07,3.7e-07,224708013.0,GTO/BTC
1605744000000,3.8e-07,4.1e-07,3.6e-07,3.9e-07,15943458.0,GTO/BTC
1605830400000,3.9e-07,4e-07,3.6e-07,3.7e-07,8080568.0,GTO/BTC
1605916800000,3.7e-07,4e-07,3.5e-07,3.9e-07,17609753.0,GTO/BTC
1606003200000,3.9e-07,4.4e-07,3.9e-07,4e-07,42862010.0,GTO/BTC
1606089600000,4e-07,4.3e-07,3.9e-07,4.1e-07,15941683.0,GTO/BTC
1606176000000,4.2e-07,4.4e-07,4e-07,4.3e-07,29351527.0,GTO/BTC
1606262400000,4.3e-07,4.6e-07,4e-07,4.2e-07,36756658.0,GTO/BTC
1606348800000,4.2e-07,4.3e-07,3.8e-07,3.8e-07,30590384.0,GTO/BTC
1606435200000,3.8e-07,4e-07,3.7e-07,4e-07,18845031.0,GTO/BTC
1606521600000,4e-07,4.1e-07,3.9e-07,4e-07,12654950.0,GTO/BTC
1606608000000,4e-07,4e-07,3.7e-07,3.8e-07,16242120.0,GTO/BTC
1606694400000,3.8e-07,3.9e-07,3.4e-07,3.4e-07,23168032.0,GTO/BTC
1606780800000,3.4e-07,3.8e-07,3.4e-07,3.6e-07,15189591.0,GTO/BTC
1606867200000,3.6e-07,3.8e-07,3.6e-07,3.7e-07,14596111.0,GTO/BTC
1606953600000,3.7e-07,4e-07,3.6e-07,3.8e-07,16769744.0,GTO/BTC
1607040000000,3.8e-07,3.9e-07,3.5e-07,3.5e-07,18287796.0,GTO/BTC
1607126400000,3.5e-07,3.7e-07,3.5e-07,3.7e-07,10704011.0,GTO/BTC
1607212800000,3.7e-07,3.7e-07,3.5e-07,3.5e-07,4699993.0,GTO/BTC
